AAA22277.1|ARO:3003007|bmr_100121+_0__AAA22277.1|ARO:3003007|bmr_100121+_0_length_3166	3166
AAA22851.1|ARO:3000179|tet(L)_156829+_0__AAA22851.1|ARO:3000179|tet(L)_156829+_0_length_3373	3373
AAA74437.1|ARO:3000378|MexB_135378-_0__AAA74437.1|ARO:3000378|MexB_135378-_0_length_5137	5137
AAA92254.1|ARO:3002623|ANT(4')-Ia_156829+_0__AAA92254.1|ARO:3002623|ANT(4')-Ia_156829+_0_length_2758	2758
AAB41956.1|ARO:3000800|MexC_157545-_0__AAB41956.1|ARO:3000800|MexC_157545-_0_length_3160	3160
AAB41956.1|ARO:3000800|MexC_157545-_0__AAB41956.1|ARO:3000800|MexC_157545-_1_length_3160	3160
AAB41957.1|ARO:3000801|MexD_157545-_0__AAB41957.1|ARO:3000801|MexD_157545-_0_length_5128	5128
AAB41958.1|ARO:3000802|OprJ_157545-_0__AAB41958.1|ARO:3000802|OprJ_157545-_0_length_3436	3436
AAC16242.1|ARO:3005069|rsmA_119351-_0__AAC16242.1|ARO:3005069|rsmA_119351-_0_length_2182	2182
AAC16242.1|ARO:3005069|rsmA_119351-_1__AAC16242.1|ARO:3005069|rsmA_119351-_0_length_2182	2182
AAC16242.1|ARO:3005069|rsmA_119351-_2__AAC16242.1|ARO:3005069|rsmA_119351-_0_length_2182	2182
AAC16242.1|ARO:3005069|rsmA_11245-_0__AAC16242.1|ARO:3005069|rsmA_11245-_0_length_2182	2182
AAC16242.1|ARO:3005069|rsmA_11245-_0__AAC16242.1|ARO:3005069|rsmA_11245-_1_length_2182	2182
AAC16242.1|ARO:3005069|rsmA_11245-_0__AAC16242.1|ARO:3005069|rsmA_11245-_3_length_2182	2182
AAC16242.1|ARO:3005069|rsmA_11245-_1__AAC16242.1|ARO:3005069|rsmA_11245-_0_length_2182	2182
AAC16242.1|ARO:3005069|rsmA_11245-_1__AAC16242.1|ARO:3005069|rsmA_11245-_1_length_2182	2182
AAC16242.1|ARO:3005069|rsmA_11245-_1__AAC16242.1|ARO:3005069|rsmA_11245-_3_length_2182	2182
AAC16242.1|ARO:3005069|rsmA_11245-_2__AAC16242.1|ARO:3005069|rsmA_11245-_0_length_2182	2182
AAC16242.1|ARO:3005069|rsmA_11245-_2__AAC16242.1|ARO:3005069|rsmA_11245-_1_length_2182	2182
AAC16242.1|ARO:3005069|rsmA_11245-_2__AAC16242.1|ARO:3005069|rsmA_11245-_3_length_2182	2182
AAC16242.1|ARO:3005069|rsmA_11245-_3__AAC16242.1|ARO:3005069|rsmA_11245-_0_length_1899	1899
AAC16242.1|ARO:3005069|rsmA_11245-_3__AAC16242.1|ARO:3005069|rsmA_11245-_1_length_1899	1899
AAC16242.1|ARO:3005069|rsmA_11245-_3__AAC16242.1|ARO:3005069|rsmA_11245-_3_length_1899	1899
AAC16242.1|ARO:3005069|rsmA_11245-_4__AAC16242.1|ARO:3005069|rsmA_11245-_0_length_2182	2182
AAC16242.1|ARO:3005069|rsmA_11245-_4__AAC16242.1|ARO:3005069|rsmA_11245-_1_length_2182	2182
AAC16242.1|ARO:3005069|rsmA_11245-_4__AAC16242.1|ARO:3005069|rsmA_11245-_3_length_2182	2182
AAC16242.1|ARO:3005069|rsmA_11245-_5__AAC16242.1|ARO:3005069|rsmA_11245-_0_length_2182	2182
AAC16242.1|ARO:3005069|rsmA_11245-_5__AAC16242.1|ARO:3005069|rsmA_11245-_1_length_2182	2182
AAC16242.1|ARO:3005069|rsmA_11245-_5__AAC16242.1|ARO:3005069|rsmA_11245-_3_length_2182	2182
AAC16242.1|ARO:3005069|rsmA_11245-_6__AAC16242.1|ARO:3005069|rsmA_11245-_0_length_2182	2182
AAC16242.1|ARO:3005069|rsmA_11245-_6__AAC16242.1|ARO:3005069|rsmA_11245-_1_length_2182	2182
AAC16242.1|ARO:3005069|rsmA_11245-_6__AAC16242.1|ARO:3005069|rsmA_11245-_3_length_2182	2182
AAC16242.1|ARO:3005069|rsmA_11245-_7__AAC16242.1|ARO:3005069|rsmA_11245-_0_length_1887	1887
AAC16242.1|ARO:3005069|rsmA_11245-_7__AAC16242.1|ARO:3005069|rsmA_11245-_1_length_1887	1887
AAC16242.1|ARO:3005069|rsmA_11245-_7__AAC16242.1|ARO:3005069|rsmA_11245-_3_length_1887	1887
AAC36944.1|ARO:3003006|blt_4082689+_0__AAC36944.1|ARO:3003006|blt_4082689+_0_length_3199	3199
AAC36944.1|ARO:3003006|blt_4082689+_0__AAC36944.1|ARO:3003006|blt_4082689+_1_length_3199	3199
AAC73564.1|ARO:3000216|acrB_109993+_0__AAC73564.1|ARO:3000216|acrB_109993+_0_length_5146	5146
AAC73564.1|ARO:3000216|acrB_109993+_1__AAC73564.1|ARO:3000216|acrB_109993+_0_length_5146	5146
AAC73564.1|ARO:3000216|acrB_4104453+_2721264-_140600+_0__AAC73564.1|ARO:3000216|acrB_4104453+_2721264-_140600+_0_length_5198	5198
AAC73565.1|ARO:3004043|Ecol_acrA_139776-_0__AAC73565.1|ARO:3004043|Ecol_acrA_139776-_0_length_3190	3190
AAC73565.1|ARO:3004043|Ecol_acrA_139776-_0__AAC73565.1|ARO:3004043|Ecol_acrA_139776-_1_length_3190	3190
AAC73565.1|ARO:3004043|Ecol_acrA_139776-_2__AAC73565.1|ARO:3004043|Ecol_acrA_139776-_0_length_3190	3190
AAC73565.1|ARO:3004043|Ecol_acrA_139776-_2__AAC73565.1|ARO:3004043|Ecol_acrA_139776-_1_length_3190	3190
AAC73565.1|ARO:3004043|Ecol_acrA_4113093+_0__AAC73565.1|ARO:3004043|Ecol_acrA_4113093+_0_length_3190	3190
AAC73565.1|ARO:3004043|Ecol_acrA_4113093+_0__AAC73565.1|ARO:3004043|Ecol_acrA_4113093+_1_length_3190	3190
AAC73565.1|ARO:3004043|Ecol_acrA_4113093+_2__AAC73565.1|ARO:3004043|Ecol_acrA_4113093+_0_length_3190	3190
AAC73565.1|ARO:3004043|Ecol_acrA_4113093+_2__AAC73565.1|ARO:3004043|Ecol_acrA_4113093+_1_length_3190	3190
AAC73788.1|ARO:3003841|kdpE_158361-_0__AAC73788.1|ARO:3003841|kdpE_158361-_0_length_2671	2671
AAC73788.1|ARO:3003841|kdpE_131166-_0__AAC73788.1|ARO:3003841|kdpE_131166-_0_length_2674	2674
AAC74000.1|ARO:3003950|msbA_154995-_0__AAC74000.1|ARO:3003950|msbA_154995-_0_length_3745	3745
AAC74000.1|ARO:3003950|msbA_154995-_0__AAC74000.1|ARO:3003950|msbA_154995-_1_length_3745	3745
AAC74000.1|ARO:3003950|msbA_58793-_0__AAC74000.1|ARO:3003950|msbA_58793-_0_length_3745	3745
AAC74000.1|ARO:3003950|msbA_58793-_1__AAC74000.1|ARO:3003950|msbA_58793-_0_length_3745	3745
AAC74149.2|ARO:3001216|mdtH_123774-_0__AAC74149.2|ARO:3001216|mdtH_123774-_0_length_3205	3205
AAC74149.2|ARO:3001216|mdtH_143045+_0__AAC74149.2|ARO:3001216|mdtH_143045+_0_length_3205	3205
AAC75089.1|ARO:3003577|ugd_68954-_0__AAC75089.1|ARO:3003577|ugd_68954-_0_length_3163	3163
AAC75089.1|ARO:3003577|ugd_68954-_1__AAC75089.1|ARO:3003577|ugd_68954-_0_length_3163	3163
AAC75089.1|ARO:3003577|ugd_1201+_0__AAC75089.1|ARO:3003577|ugd_1201+_0_length_3163	3163
AAC75135.2|ARO:3000792|mdtA_122730+_0__AAC75135.2|ARO:3000792|mdtA_122730+_0_length_3244	3244
AAC75135.2|ARO:3000792|mdtA_154586+_0__AAC75135.2|ARO:3000792|mdtA_154586+_0_length_3238	3238
AAC75136.1|ARO:3000793|mdtB_122730+_0__AAC75136.1|ARO:3000793|mdtB_122730+_0_length_5119	5119
AAC75136.1|ARO:3000793|mdtB_154586+_0__AAC75136.1|ARO:3000793|mdtB_154586+_0_length_5119	5119
AAC75137.1|ARO:3000794|mdtC_122730+_0__AAC75137.1|ARO:3000794|mdtC_122730+_0_length_5074	5074
AAC75137.1|ARO:3000794|mdtC_154586+_0__AAC75137.1|ARO:3000794|mdtC_154586+_0_length_5074	5074
AAC75271.1|ARO:3003952|YojI_120057-_0__AAC75271.1|ARO:3003952|YojI_120057-_0_length_3640	3640
AAC75271.1|ARO:3003952|YojI_112439+_0__AAC75271.1|ARO:3003952|YojI_112439+_0_length_3640	3640
AAC75271.1|ARO:3003952|YojI_112439+_0__AAC75271.1|ARO:3003952|YojI_112439+_1_length_3640	3640
AAC75271.1|ARO:3003952|YojI_112439+_1__AAC75271.1|ARO:3003952|YojI_112439+_0_length_3640	3640
AAC75271.1|ARO:3003952|YojI_112439+_1__AAC75271.1|ARO:3003952|YojI_112439+_1_length_3640	3640
AAC75314.1|ARO:3003578|PmrF_102859-_0__AAC75314.1|ARO:3003578|PmrF_102859-_0_length_2965	2965
AAC75314.1|ARO:3003578|PmrF_154606+_0__AAC75314.1|ARO:3003578|PmrF_154606+_0_length_2953	2953
AAC75429.1|ARO:3000833|evgS_120561+_0__AAC75429.1|ARO:3000833|evgS_120561+_0_length_5590	5590
AAC75731.1|ARO:3000516|emrR_128210+_0__AAC75731.1|ARO:3000516|emrR_128210+_0_length_2524	2524
AAC75733.1|ARO:3000074|emrB_128210+_0__AAC75733.1|ARO:3000074|emrB_128210+_0_length_3535	3535
AIA35096.1|ARO:3005059|LptD_30296-_0__AIA35096.1|ARO:3005059|LptD_30296-_0_length_4351	4351
AJE92936.1|ARO:3004541|mphK_93456-_0__AJE92936.1|ARO:3004541|mphK_93456-_0_length_2917	2917
AJE92936.1|ARO:3004541|mphK_93456-_0__AJE92936.1|ARO:3004541|mphK_93456-_1_length_2917	2917
AJE92936.1|ARO:3004541|mphK_93456-_2__AJE92936.1|ARO:3004541|mphK_93456-_0_length_2917	2917
AJE92936.1|ARO:3004541|mphK_93456-_2__AJE92936.1|ARO:3004541|mphK_93456-_1_length_2917	2917
ALV80601.1|ARO:3003801|bcr-1_71148-_0__ALV80601.1|ARO:3003801|bcr-1_71148-_0_length_3205	3205
AML99881.1|ARO:3001327|MdtK_4062865-_0__AML99881.1|ARO:3001327|MdtK_4062865-_0_length_3421	3421
AML99881.1|ARO:3001327|MdtK_4062865-_0__AML99881.1|ARO:3001327|MdtK_4062865-_1_length_3421	3421
AML99881.1|ARO:3001327|MdtK_4062865-_0__AML99881.1|ARO:3001327|MdtK_4062865-_2_length_3421	3421
AML99881.1|ARO:3001327|MdtK_4062865-_0__AML99881.1|ARO:3001327|MdtK_4062865-_3_length_3421	3421
AML99881.1|ARO:3001327|MdtK_4062865-_0__AML99881.1|ARO:3001327|MdtK_4062865-_4_length_3421	3421
AML99881.1|ARO:3001327|MdtK_4062865-_0__AML99881.1|ARO:3001327|MdtK_4062865-_5_length_3421	3421
AML99881.1|ARO:3001327|MdtK_4062865-_0__AML99881.1|ARO:3001327|MdtK_4062865-_7_length_3421	3421
AML99881.1|ARO:3001327|MdtK_4062865-_0__AML99881.1|ARO:3001327|MdtK_4062865-_8_length_3421	3421
AML99881.1|ARO:3001327|MdtK_4062865-_0__AML99881.1|ARO:3001327|MdtK_4062865-_9_length_3421	3421
AML99881.1|ARO:3001327|MdtK_4062865-_1__AML99881.1|ARO:3001327|MdtK_4062865-_0_length_3421	3421
AML99881.1|ARO:3001327|MdtK_4062865-_1__AML99881.1|ARO:3001327|MdtK_4062865-_2_length_3421	3421
AML99881.1|ARO:3001327|MdtK_4062865-_1__AML99881.1|ARO:3001327|MdtK_4062865-_3_length_3421	3421
AML99881.1|ARO:3001327|MdtK_4062865-_1__AML99881.1|ARO:3001327|MdtK_4062865-_4_length_3421	3421
AML99881.1|ARO:3001327|MdtK_4062865-_1__AML99881.1|ARO:3001327|MdtK_4062865-_5_length_3421	3421
AML99881.1|ARO:3001327|MdtK_4062865-_1__AML99881.1|ARO:3001327|MdtK_4062865-_6_length_3421	3421
AML99881.1|ARO:3001327|MdtK_4062865-_1__AML99881.1|ARO:3001327|MdtK_4062865-_7_length_3421	3421
AML99881.1|ARO:3001327|MdtK_4062865-_1__AML99881.1|ARO:3001327|MdtK_4062865-_8_length_3421	3421
AML99881.1|ARO:3001327|MdtK_4062865-_1__AML99881.1|ARO:3001327|MdtK_4062865-_9_length_3421	3421
AML99881.1|ARO:3001327|MdtK_4062865-_9__AML99881.1|ARO:3001327|MdtK_4062865-_4_length_3421	3421
AML99881.1|ARO:3001327|MdtK_4062865-_9__AML99881.1|ARO:3001327|MdtK_4062865-_5_length_3421	3421
AML99881.1|ARO:3001327|MdtK_4062865-_9__AML99881.1|ARO:3001327|MdtK_4062865-_6_length_3421	3421
AML99881.1|ARO:3001327|MdtK_4062865-_9__AML99881.1|ARO:3001327|MdtK_4062865-_7_length_3421	3421
AML99881.1|ARO:3001327|MdtK_4062865-_9__AML99881.1|ARO:3001327|MdtK_4062865-_8_length_3421	3421
AML99881.1|ARO:3001327|MdtK_4062865-_9__AML99881.1|ARO:3001327|MdtK_4062865-_9_length_3421	3421
AML99881.1|ARO:3001327|MdtK_4077575-_0__AML99881.1|ARO:3001327|MdtK_4077575-_0_length_3409	3409
AML99881.1|ARO:3001327|MdtK_4077575-_0__AML99881.1|ARO:3001327|MdtK_4077575-_1_length_3409	3409
AML99881.1|ARO:3001327|MdtK_4077575-_0__AML99881.1|ARO:3001327|MdtK_4077575-_2_length_3409	3409
AML99881.1|ARO:3001327|MdtK_4077575-_0__AML99881.1|ARO:3001327|MdtK_4077575-_3_length_3409	3409
AML99881.1|ARO:3001327|MdtK_4077575-_0__AML99881.1|ARO:3001327|MdtK_4077575-_4_length_3409	3409
AML99881.1|ARO:3001327|MdtK_4077575-_0__AML99881.1|ARO:3001327|MdtK_4077575-_5_length_3370	3370
AML99881.1|ARO:3001327|MdtK_4077575-_0__AML99881.1|ARO:3001327|MdtK_4077575-_6_length_3370	3370
AML99881.1|ARO:3001327|MdtK_4077575-_0__AML99881.1|ARO:3001327|MdtK_4077575-_7_length_3409	3409
AML99881.1|ARO:3001327|MdtK_4077575-_0__AML99881.1|ARO:3001327|MdtK_4077575-_8_length_3409	3409
AML99881.1|ARO:3001327|MdtK_4077575-_0__AML99881.1|ARO:3001327|MdtK_4077575-_9_length_3409	3409
AML99881.1|ARO:3001327|MdtK_4077575-_1__AML99881.1|ARO:3001327|MdtK_4077575-_0_length_3409	3409
AML99881.1|ARO:3001327|MdtK_4077575-_1__AML99881.1|ARO:3001327|MdtK_4077575-_1_length_3409	3409
AML99881.1|ARO:3001327|MdtK_4077575-_1__AML99881.1|ARO:3001327|MdtK_4077575-_2_length_3409	3409
AML99881.1|ARO:3001327|MdtK_4077575-_1__AML99881.1|ARO:3001327|MdtK_4077575-_3_length_3409	3409
AML99881.1|ARO:3001327|MdtK_4077575-_1__AML99881.1|ARO:3001327|MdtK_4077575-_4_length_3409	3409
AML99881.1|ARO:3001327|MdtK_4077575-_1__AML99881.1|ARO:3001327|MdtK_4077575-_5_length_3370	3370
AML99881.1|ARO:3001327|MdtK_4077575-_1__AML99881.1|ARO:3001327|MdtK_4077575-_6_length_3370	3370
AML99881.1|ARO:3001327|MdtK_4077575-_1__AML99881.1|ARO:3001327|MdtK_4077575-_7_length_3409	3409
AML99881.1|ARO:3001327|MdtK_4077575-_1__AML99881.1|ARO:3001327|MdtK_4077575-_8_length_3409	3409
AML99881.1|ARO:3001327|MdtK_4077575-_1__AML99881.1|ARO:3001327|MdtK_4077575-_9_length_3409	3409
AML99881.1|ARO:3001327|MdtK_4077575-_2__AML99881.1|ARO:3001327|MdtK_4077575-_0_length_3409	3409
AML99881.1|ARO:3001327|MdtK_4077575-_2__AML99881.1|ARO:3001327|MdtK_4077575-_1_length_3409	3409
AML99881.1|ARO:3001327|MdtK_4077575-_2__AML99881.1|ARO:3001327|MdtK_4077575-_2_length_3409	3409
AML99881.1|ARO:3001327|MdtK_4077575-_2__AML99881.1|ARO:3001327|MdtK_4077575-_3_length_3409	3409
AML99881.1|ARO:3001327|MdtK_4077575-_2__AML99881.1|ARO:3001327|MdtK_4077575-_4_length_3409	3409
AML99881.1|ARO:3001327|MdtK_4077575-_2__AML99881.1|ARO:3001327|MdtK_4077575-_5_length_3370	3370
AML99881.1|ARO:3001327|MdtK_4077575-_2__AML99881.1|ARO:3001327|MdtK_4077575-_6_length_3370	3370
AML99881.1|ARO:3001327|MdtK_4077575-_2__AML99881.1|ARO:3001327|MdtK_4077575-_7_length_3409	3409
AML99881.1|ARO:3001327|MdtK_4077575-_2__AML99881.1|ARO:3001327|MdtK_4077575-_9_length_3409	3409
AML99881.1|ARO:3001327|MdtK_4077575-_3__AML99881.1|ARO:3001327|MdtK_4077575-_0_length_3409	3409
AML99881.1|ARO:3001327|MdtK_4077575-_3__AML99881.1|ARO:3001327|MdtK_4077575-_1_length_3409	3409
AML99881.1|ARO:3001327|MdtK_4077575-_3__AML99881.1|ARO:3001327|MdtK_4077575-_2_length_3409	3409
AML99881.1|ARO:3001327|MdtK_4077575-_3__AML99881.1|ARO:3001327|MdtK_4077575-_3_length_3409	3409
AML99881.1|ARO:3001327|MdtK_4077575-_3__AML99881.1|ARO:3001327|MdtK_4077575-_4_length_3409	3409
AML99881.1|ARO:3001327|MdtK_4077575-_3__AML99881.1|ARO:3001327|MdtK_4077575-_5_length_3370	3370
AML99881.1|ARO:3001327|MdtK_4077575-_3__AML99881.1|ARO:3001327|MdtK_4077575-_6_length_3370	3370
AML99881.1|ARO:3001327|MdtK_4077575-_3__AML99881.1|ARO:3001327|MdtK_4077575-_7_length_3409	3409
AML99881.1|ARO:3001327|MdtK_4077575-_3__AML99881.1|ARO:3001327|MdtK_4077575-_8_length_3409	3409
AML99881.1|ARO:3001327|MdtK_4077575-_3__AML99881.1|ARO:3001327|MdtK_4077575-_9_length_3409	3409
AML99881.1|ARO:3001327|MdtK_4077575-_4__AML99881.1|ARO:3001327|MdtK_4077575-_0_length_3409	3409
AML99881.1|ARO:3001327|MdtK_4077575-_4__AML99881.1|ARO:3001327|MdtK_4077575-_1_length_3409	3409
AML99881.1|ARO:3001327|MdtK_4077575-_4__AML99881.1|ARO:3001327|MdtK_4077575-_2_length_3409	3409
AML99881.1|ARO:3001327|MdtK_4077575-_4__AML99881.1|ARO:3001327|MdtK_4077575-_3_length_3409	3409
AML99881.1|ARO:3001327|MdtK_4077575-_4__AML99881.1|ARO:3001327|MdtK_4077575-_4_length_3409	3409
AML99881.1|ARO:3001327|MdtK_4077575-_4__AML99881.1|ARO:3001327|MdtK_4077575-_5_length_3370	3370
AML99881.1|ARO:3001327|MdtK_4077575-_4__AML99881.1|ARO:3001327|MdtK_4077575-_6_length_3370	3370
AML99881.1|ARO:3001327|MdtK_4077575-_4__AML99881.1|ARO:3001327|MdtK_4077575-_7_length_3409	3409
AML99881.1|ARO:3001327|MdtK_4077575-_4__AML99881.1|ARO:3001327|MdtK_4077575-_8_length_3409	3409
AML99881.1|ARO:3001327|MdtK_4077575-_4__AML99881.1|ARO:3001327|MdtK_4077575-_9_length_3409	3409
AML99881.1|ARO:3001327|MdtK_4077575-_5__AML99881.1|ARO:3001327|MdtK_4077575-_0_length_3409	3409
AML99881.1|ARO:3001327|MdtK_4077575-_5__AML99881.1|ARO:3001327|MdtK_4077575-_1_length_3409	3409
AML99881.1|ARO:3001327|MdtK_4077575-_5__AML99881.1|ARO:3001327|MdtK_4077575-_2_length_3409	3409
AML99881.1|ARO:3001327|MdtK_4077575-_5__AML99881.1|ARO:3001327|MdtK_4077575-_3_length_3409	3409
AML99881.1|ARO:3001327|MdtK_4077575-_5__AML99881.1|ARO:3001327|MdtK_4077575-_4_length_3409	3409
AML99881.1|ARO:3001327|MdtK_4077575-_5__AML99881.1|ARO:3001327|MdtK_4077575-_5_length_3370	3370
AML99881.1|ARO:3001327|MdtK_4077575-_5__AML99881.1|ARO:3001327|MdtK_4077575-_7_length_3409	3409
AML99881.1|ARO:3001327|MdtK_4077575-_5__AML99881.1|ARO:3001327|MdtK_4077575-_8_length_3409	3409
AML99881.1|ARO:3001327|MdtK_4077575-_5__AML99881.1|ARO:3001327|MdtK_4077575-_9_length_3409	3409
AML99881.1|ARO:3001327|MdtK_4077575-_6__AML99881.1|ARO:3001327|MdtK_4077575-_1_length_3409	3409
AML99881.1|ARO:3001327|MdtK_4077575-_6__AML99881.1|ARO:3001327|MdtK_4077575-_3_length_3409	3409
AML99881.1|ARO:3001327|MdtK_4077575-_6__AML99881.1|ARO:3001327|MdtK_4077575-_5_length_3370	3370
AML99881.1|ARO:3001327|MdtK_4077575-_6__AML99881.1|ARO:3001327|MdtK_4077575-_7_length_3409	3409
AML99881.1|ARO:3001327|MdtK_4077575-_6__AML99881.1|ARO:3001327|MdtK_4077575-_9_length_3409	3409
AML99881.1|ARO:3001327|MdtK_4077575-_7__AML99881.1|ARO:3001327|MdtK_4077575-_0_length_3409	3409
AML99881.1|ARO:3001327|MdtK_4077575-_7__AML99881.1|ARO:3001327|MdtK_4077575-_1_length_3409	3409
AML99881.1|ARO:3001327|MdtK_4077575-_7__AML99881.1|ARO:3001327|MdtK_4077575-_2_length_3409	3409
AML99881.1|ARO:3001327|MdtK_4077575-_7__AML99881.1|ARO:3001327|MdtK_4077575-_3_length_3409	3409
AML99881.1|ARO:3001327|MdtK_4077575-_7__AML99881.1|ARO:3001327|MdtK_4077575-_4_length_3409	3409
AML99881.1|ARO:3001327|MdtK_4077575-_7__AML99881.1|ARO:3001327|MdtK_4077575-_5_length_3370	3370
AML99881.1|ARO:3001327|MdtK_4077575-_7__AML99881.1|ARO:3001327|MdtK_4077575-_6_length_3370	3370
AML99881.1|ARO:3001327|MdtK_4077575-_7__AML99881.1|ARO:3001327|MdtK_4077575-_7_length_3409	3409
AML99881.1|ARO:3001327|MdtK_4077575-_7__AML99881.1|ARO:3001327|MdtK_4077575-_8_length_3409	3409
AML99881.1|ARO:3001327|MdtK_4077575-_7__AML99881.1|ARO:3001327|MdtK_4077575-_9_length_3409	3409
AML99881.1|ARO:3001327|MdtK_4077575-_8__AML99881.1|ARO:3001327|MdtK_4077575-_0_length_3409	3409
AML99881.1|ARO:3001327|MdtK_4077575-_8__AML99881.1|ARO:3001327|MdtK_4077575-_1_length_3409	3409
AML99881.1|ARO:3001327|MdtK_4077575-_8__AML99881.1|ARO:3001327|MdtK_4077575-_2_length_3409	3409
AML99881.1|ARO:3001327|MdtK_4077575-_8__AML99881.1|ARO:3001327|MdtK_4077575-_3_length_3409	3409
AML99881.1|ARO:3001327|MdtK_4077575-_8__AML99881.1|ARO:3001327|MdtK_4077575-_4_length_3409	3409
AML99881.1|ARO:3001327|MdtK_4077575-_8__AML99881.1|ARO:3001327|MdtK_4077575-_5_length_3370	3370
AML99881.1|ARO:3001327|MdtK_4077575-_8__AML99881.1|ARO:3001327|MdtK_4077575-_6_length_3370	3370
AML99881.1|ARO:3001327|MdtK_4077575-_8__AML99881.1|ARO:3001327|MdtK_4077575-_7_length_3409	3409
AML99881.1|ARO:3001327|MdtK_4077575-_9__AML99881.1|ARO:3001327|MdtK_4077575-_0_length_3409	3409
AML99881.1|ARO:3001327|MdtK_4077575-_9__AML99881.1|ARO:3001327|MdtK_4077575-_1_length_3409	3409
AML99881.1|ARO:3001327|MdtK_4077575-_9__AML99881.1|ARO:3001327|MdtK_4077575-_2_length_3409	3409
AML99881.1|ARO:3001327|MdtK_4077575-_9__AML99881.1|ARO:3001327|MdtK_4077575-_3_length_3409	3409
AML99881.1|ARO:3001327|MdtK_4077575-_9__AML99881.1|ARO:3001327|MdtK_4077575-_4_length_3409	3409
AML99881.1|ARO:3001327|MdtK_4077575-_9__AML99881.1|ARO:3001327|MdtK_4077575-_5_length_3370	3370
AML99881.1|ARO:3001327|MdtK_4077575-_9__AML99881.1|ARO:3001327|MdtK_4077575-_6_length_3370	3370
AML99881.1|ARO:3001327|MdtK_4077575-_9__AML99881.1|ARO:3001327|MdtK_4077575-_7_length_3409	3409
AML99881.1|ARO:3001327|MdtK_4077575-_9__AML99881.1|ARO:3001327|MdtK_4077575-_9_length_3409	3409
AAG07593.1|ARO:3000807|MexH_99504+_0__AAG07593.1|ARO:3000807|MexH_99504+_0_length_3109	3109
AAG07594.1|ARO:3000808|MexI_99019-_447040+_7174757+_99019+_0__AAG07594.1|ARO:3000808|MexI_99019-_447040+_7174757+_99019+_0_length_6483	6483
AAG07594.1|ARO:3000808|MexI_99019-_7174757-_99504+_0__AAG07594.1|ARO:3000808|MexI_99019-_7174757-_99504+_0_length_5141	5141
AAG07595.1|ARO:3000809|OpmD_99019-_0__AAG07595.1|ARO:3000809|OpmD_99019-_0_length_3460	3460
AAG07762.1|ARO:3003030|MexV_164141+_0__AAG07762.1|ARO:3003030|MexV_164141+_0_length_3127	3127
AAG07763.1|ARO:3003031|MexW_164141+_0__AAG07763.1|ARO:3003031|MexW_164141+_0_length_5053	5053
AAG08359.1|ARO:3003682|OpmH_115729+_0__AAG08359.1|ARO:3003682|OpmH_115729+_0_length_3445	3445
AAG08375.1|ARO:3004038|Paer_emrE_91766+_0__AAG08375.1|ARO:3004038|Paer_emrE_91766+_0_length_2329	2329
AAL19304.1|ARO:3000791|mdsC_169897+_0__AAL19304.1|ARO:3000791|mdsC_169897+_0_length_3508	3508
AAL19305.1|ARO:3000790|mdsB_169897+_0__AAL19305.1|ARO:3000790|mdsB_169897+_0_length_5164	5164
AAL19305.1|ARO:3000790|mdsB_158451-_0__AAL19305.1|ARO:3000790|mdsB_158451-_0_length_5173	5173
AAL19306.1|ARO:3000789|mdsA_169897+_0__AAL19306.1|ARO:3000789|mdsA_169897+_0_length_3223	3223
AAL19308.1|ARO:3000504|golS_169897+_0__AAL19308.1|ARO:3000504|golS_169897+_0_length_2461	2461
AAL20537.1|ARO:3002571|AAC(6')-Iaa_104523+_0__AAL20537.1|ARO:3002571|AAC(6')-Iaa_104523+_0_length_2434	2434
AAL20862.1|ARO:3000826|sdiA_40276+_0__AAL20862.1|ARO:3000826|sdiA_40276+_0_length_2719	2719
AAL20862.1|ARO:3000826|sdiA_40276+_0__AAL20862.1|ARO:3000826|sdiA_40276+_2_length_2719	2719
AAO04716.1|ARO:3002865|dfrC_141414-_0__AAO04716.1|ARO:3002865|dfrC_141414-_0_length_2476	2476
AAO43110.1|ARO:3000300|lsaA_156951+_0__AAO43110.1|ARO:3000300|lsaA_156951+_0_length_3493	3493
AAU95768.1|ARO:3000026|mepA_136934-_0__AAU95768.1|ARO:3000026|mepA_136934-_0_length_3352	3352
AAV80464.1|ARO:3000565|tet(38)_147145-_0__AAV80464.1|ARO:3000565|tet(38)_147145-_0_length_3349	3349
AAV80464.1|ARO:3000565|tet(38)_147145-_0__AAV80464.1|ARO:3000565|tet(38)_147145-_1_length_3349	3349
AAW38464.1|ARO:3004572|Saur_LmrS_92276+_0__AAW38464.1|ARO:3004572|Saur_LmrS_92276+_0_length_3439	3439
ABD30512.1|ARO:3000839|arlS_141414-_0__ABD30512.1|ARO:3000839|arlS_141414-_0_length_3352	3352
ABV18113.1|ARO:3001329|mdtG_41822+_0__ABV18113.1|ARO:3001329|mdtG_41822+_0_length_3202	3202
ABV18113.1|ARO:3001329|mdtG_51936-_51938+_123774+_0__ABV18113.1|ARO:3001329|mdtG_51936-_51938+_123774+_0_length_3278	3278
ACN32294.1|ARO:3000237|TolC_72770+_0__ACN32294.1|ARO:3000237|TolC_72770+_0_length_3472	3472
ACN32294.1|ARO:3000237|TolC_113945+_0__ACN32294.1|ARO:3000237|TolC_113945+_0_length_3484	3484
ACQ82808.1|ARO:3002500|PDC-3_123627+_0__ACQ82808.1|ARO:3002500|PDC-3_123627+_0_length_3190	3190
AEO25219.1|ARO:3004651|lin_148633-_0__AEO25219.1|ARO:3004651|lin_148633-_0_length_3568	3568
AEO25219.1|ARO:3004651|lin_148633-_1__AEO25219.1|ARO:3004651|lin_148633-_0_length_3568	3568
AEX49906.1|ARO:3003583|basS_421+_0__AEX49906.1|ARO:3003583|basS_421+_0_length_3430	3430
AFH35853.1|ARO:3001328|Ecol_mdfA_154326-_0__AFH35853.1|ARO:3001328|Ecol_mdfA_154326-_0_length_3094	3094
AFH35853.1|ARO:3001328|Ecol_mdfA_102891-_0__AFH35853.1|ARO:3001328|Ecol_mdfA_102891-_0_length_3217	3217
AFK13828.1|ARO:3000823|ramA_141002-_0__AFK13828.1|ARO:3000823|ramA_141002-_0_length_2353	2353
AGP27106.1|ARO:3007010|norC_134172+_0__AGP27106.1|ARO:3007010|norC_134172+_0_length_3385	3385
AGP27106.1|ARO:3007010|norC_134172+_0__AGP27106.1|ARO:3007010|norC_134172+_1_length_3385	3385
AIA35096.1|ARO:3005059|LptD_13906+_0__AIA35096.1|ARO:3005059|LptD_13906+_0_length_4357	4357
CDO13836.1|ARO:3005044|OmpA_4023866+_6327049+_3865178-_1__CDO13836.1|ARO:3005044|OmpA_4023866+_6327049+_3865178-_1_length_3071	3071
CDO13836.1|ARO:3005044|OmpA_4023866+_6327049+_3960673-_0__CDO13836.1|ARO:3005044|OmpA_4023866+_6327049+_3960673-_0_length_3071	3071
CDO13836.1|ARO:3005044|OmpA_4023866+_6327049+_3960673-_1__CDO13836.1|ARO:3005044|OmpA_4023866+_6327049+_3960673-_0_length_3071	3071
CDO61516.1|ARO:3003949|efrB_150677-_0__CDO61516.1|ARO:3003949|efrB_150677-_0_length_2989	2989
CDO61516.1|ARO:3003949|efrB_150677-_0__CDO61516.1|ARO:3003949|efrB_150677-_1_length_2989	2989
CDO61516.1|ARO:3003949|efrB_150677-_0__CDO61516.1|ARO:3003949|efrB_150677-_2_length_2989	2989
CDO61516.1|ARO:3003949|efrB_150677-_0__CDO61516.1|ARO:3003949|efrB_150677-_3_length_2989	2989
CDO61516.1|ARO:3003949|efrB_150677-_0__CDO61516.1|ARO:3003949|efrB_150677-_4_length_2989	2989
CDO61516.1|ARO:3003949|efrB_150677-_0__CDO61516.1|ARO:3003949|efrB_150677-_5_length_2989	2989
CDO61516.1|ARO:3003949|efrB_150677-_0__CDO61516.1|ARO:3003949|efrB_150677-_6_length_2989	2989
CDO61516.1|ARO:3003949|efrB_150677-_0__CDO61516.1|ARO:3003949|efrB_150677-_7_length_2989	2989
CDO61516.1|ARO:3003949|efrB_150677-_0__CDO61516.1|ARO:3003949|efrB_150677-_8_length_2989	2989
CDO61516.1|ARO:3003949|efrB_150677-_0__CDO61516.1|ARO:3003949|efrB_150677-_25_length_2989	2989
CDO61516.1|ARO:3003949|efrB_150677-_0__CDO61516.1|ARO:3003949|efrB_150677-_26_length_2989	2989
CDO61516.1|ARO:3003949|efrB_150677-_0__CDO61516.1|ARO:3003949|efrB_150677-_28_length_2989	2989
CDO61516.1|ARO:3003949|efrB_150677-_0__CDO61516.1|ARO:3003949|efrB_150677-_30_length_2989	2989
CDO61516.1|ARO:3003949|efrB_150677-_0__CDO61516.1|ARO:3003949|efrB_150677-_31_length_2899	2899
CDO61516.1|ARO:3003949|efrB_150677-_0__CDO61516.1|ARO:3003949|efrB_150677-_32_length_2989	2989
CDO61516.1|ARO:3003949|efrB_150677-_0__CDO61516.1|ARO:3003949|efrB_150677-_34_length_2989	2989
CDO61516.1|ARO:3003949|efrB_150677-_0__CDO61516.1|ARO:3003949|efrB_150677-_35_length_2989	2989
CDO61516.1|ARO:3003949|efrB_150677-_0__CDO61516.1|ARO:3003949|efrB_150677-_36_length_2989	2989
CDO61516.1|ARO:3003949|efrB_150677-_0__CDO61516.1|ARO:3003949|efrB_150677-_38_length_2989	2989
CDO61516.1|ARO:3003949|efrB_150677-_0__CDO61516.1|ARO:3003949|efrB_150677-_39_length_2989	2989
CDO61516.1|ARO:3003949|efrB_150677-_0__CDO61516.1|ARO:3003949|efrB_150677-_40_length_2989	2989
CDO61516.1|ARO:3003949|efrB_150677-_0__CDO61516.1|ARO:3003949|efrB_150677-_41_length_2989	2989
CDO61516.1|ARO:3003949|efrB_150677-_0__CDO61516.1|ARO:3003949|efrB_150677-_51_length_2989	2989
CDO61516.1|ARO:3003949|efrB_150677-_0__CDO61516.1|ARO:3003949|efrB_150677-_61_length_2989	2989
CDO61516.1|ARO:3003949|efrB_150677-_0__CDO61516.1|ARO:3003949|efrB_150677-_73_length_2989	2989
CDO61516.1|ARO:3003949|efrB_150677-_0__CDO61516.1|ARO:3003949|efrB_150677-_75_length_2989	2989
CDO61516.1|ARO:3003949|efrB_150677-_0__CDO61516.1|ARO:3003949|efrB_150677-_76_length_2927	2927
CDO61516.1|ARO:3003949|efrB_150677-_0__CDO61516.1|ARO:3003949|efrB_150677-_77_length_2989	2989
CDO61516.1|ARO:3003949|efrB_150677-_0__CDO61516.1|ARO:3003949|efrB_150677-_80_length_2989	2989
CDO61516.1|ARO:3003949|efrB_150677-_0__CDO61516.1|ARO:3003949|efrB_150677-_81_length_2989	2989
CWV56762.1|ARO:3000198|FosX_149183-_0__CWV56762.1|ARO:3000198|FosX_149183-_0_length_2398	2398
CWV56762.1|ARO:3000198|FosX_149183-_0__CWV56762.1|ARO:3000198|FosX_149183-_2_length_2398	2398
CYF42523.1|ARO:3004047|kdpD_147369-_0__CYF42523.1|ARO:3004047|kdpD_147369-_0_length_4654	4654
EHS19134.1|ARO:3004661|Saur_FosB_142278+_0__EHS19134.1|ARO:3004661|Saur_FosB_142278+_0_length_2416	2416
EOD99669.1|ARO:3002875|dfrE_145949-_0__EOD99669.1|ARO:3002875|dfrE_145949-_0_length_2491	2491
KIX81495.1|ARO:3002813|lmrB_149321-_0__KIX81495.1|ARO:3002813|lmrB_149321-_0_length_3430	3430
NP_249397.1|ARO:3002679|Paer_catB7_119481+_0__NP_249397.1|ARO:3002679|Paer_catB7_119481+_0_length_2635	2635
NP_388442.1|ARO:3004476|vmlR_145051-_0__NP_388442.1|ARO:3004476|vmlR_145051-_0_length_3622	3622
QBY97442.1|ARO:3003643|OXA-486_134074+_0__QBY97442.1|ARO:3003643|OXA-486_134074+_0_length_2785	2785
SIP52035.1|ARO:3004054|Paer_CpxR_74807+_0__SIP52035.1|ARO:3004054|Paer_CpxR_74807+_0_length_2611	2611
TKW44661.1|ARO:3005040|YajC_143815-_0__TKW44661.1|ARO:3005040|YajC_143815-_0_length_2335	2335
VWQ00850.1|ARO:3003843|leuO_110825-_0__VWQ00850.1|ARO:3003843|leuO_110825-_0_length_2941	2941
VWQ00850.1|ARO:3003843|leuO_167167+_0__VWQ00850.1|ARO:3003843|leuO_167167+_0_length_2941	2941
WKR28567.1|ARO:3007678|IreK_150279-_0__WKR28567.1|ARO:3007678|IreK_150279-_0_length_4078	4078
WP_015740450.1|ARO:3007015|qacG_152858-_0__WP_015740450.1|ARO:3007015|qacG_152858-_0_length_2320	2320
WP_015740450.1|ARO:3007015|qacG_152858-_1__WP_015740450.1|ARO:3007015|qacG_152858-_0_length_2320	2320
WP_015740450.1|ARO:3007015|qacG_152858-_1__WP_015740450.1|ARO:3007015|qacG_152858-_3_length_2320	2320
WP_042355600.1|ARO:3007012|sepA_145851+_0__WP_042355600.1|ARO:3007012|sepA_145851+_0_length_2470	2470
WP_042355600.1|ARO:3007012|sepA_145851+_0__WP_042355600.1|ARO:3007012|sepA_145851+_2_length_2470	2470
WP_104671188.1|ARO:3003948|efrA_150677-_0__WP_104671188.1|ARO:3003948|efrA_150677-_0_length_3724	3724
AML99881.1|ARO:3001327|MdtK_4062865-_8__AML99881.1|ARO:3001327|MdtK_4062865-_6_length_3421	3421
AML99881.1|ARO:3001327|MdtK_4062865-_8__AML99881.1|ARO:3001327|MdtK_4062865-_7_length_3421	3421
AML99881.1|ARO:3001327|MdtK_4062865-_8__AML99881.1|ARO:3001327|MdtK_4062865-_8_length_3421	3421
AML99881.1|ARO:3001327|MdtK_4062865-_8__AML99881.1|ARO:3001327|MdtK_4062865-_9_length_3421	3421
AML99881.1|ARO:3001327|MdtK_4062865-_9__AML99881.1|ARO:3001327|MdtK_4062865-_0_length_3421	3421
AML99881.1|ARO:3001327|MdtK_4062865-_9__AML99881.1|ARO:3001327|MdtK_4062865-_1_length_3421	3421
AML99881.1|ARO:3001327|MdtK_4062865-_9__AML99881.1|ARO:3001327|MdtK_4062865-_2_length_3421	3421
AML99881.1|ARO:3001327|MdtK_4062865-_9__AML99881.1|ARO:3001327|MdtK_4062865-_3_length_3421	3421
ANK04027.1|ARO:3003838|gadW_129824+_0__ANK04027.1|ARO:3003838|gadW_129824+_0_length_2725	2725
ATC67679.1|ARO:3000838|arlR_141414-_0__ATC67679.1|ARO:3000838|arlR_141414-_0_length_2656	2656
BAA11236.1|ARO:3000206|emrK_120561+_0__BAA11236.1|ARO:3000206|emrK_120561+_0_length_3052	3052
BAA11237.1|ARO:3000254|emrY_120561+_0__BAA11237.1|ARO:3000254|emrY_120561+_0_length_3535	3535
BAA14147.1|ARO:3004667|Saur_norA_153900-_0__BAA14147.1|ARO:3004667|Saur_norA_153900-_0_length_3163	3163
BAA15221.2|ARO:3000263|marA_109617-_0__BAA15221.2|ARO:3000263|marA_109617-_0_length_2380	2380
BAA15221.2|ARO:3000263|marA_167197-_0__BAA15221.2|ARO:3000263|marA_167197-_0_length_2377	2377
BAA16344.1|ARO:3000491|acrD_128218+_0__BAA16344.1|ARO:3000491|acrD_128218+_0_length_5110	5110
BAA16344.1|ARO:3000491|acrD_122286+_0__BAA16344.1|ARO:3000491|acrD_122286+_0_length_5110	5110
BAA16547.1|ARO:3000027|emrA_128210+_0__BAA16547.1|ARO:3000027|emrA_128210+_0_length_3169	3169
BAA34299.1|ARO:3003034|mexX_101795-_0__BAA34299.1|ARO:3003034|mexX_101795-_0_length_3154	3154
BAA34300.1|ARO:3003033|mexY_101795-_0__BAA34300.1|ARO:3003033|mexY_101795-_0_length_5134	5134
BAB35162.1|ARO:3000676|H-NS_125264-_0__BAB35162.1|ARO:3000676|H-NS_125264-_0_length_2398	2398
BAB35162.1|ARO:3000676|H-NS_125264-_0__BAB35162.1|ARO:3000676|H-NS_125264-_1_length_2398	2398
BAB35162.1|ARO:3000676|H-NS_125264-_0__BAB35162.1|ARO:3000676|H-NS_125264-_2_length_2398	2398
BAB35162.1|ARO:3000676|H-NS_125264-_0__BAB35162.1|ARO:3000676|H-NS_125264-_3_length_2398	2398
BAB35162.1|ARO:3000676|H-NS_125264-_0__BAB35162.1|ARO:3000676|H-NS_125264-_4_length_2398	2398
BAB35162.1|ARO:3000676|H-NS_125264-_0__BAB35162.1|ARO:3000676|H-NS_125264-_5_length_2398	2398
BAB35162.1|ARO:3000676|H-NS_79729-_0__BAB35162.1|ARO:3000676|H-NS_79729-_0_length_2398	2398
BAB35162.1|ARO:3000676|H-NS_79729-_0__BAB35162.1|ARO:3000676|H-NS_79729-_1_length_2398	2398
BAB35162.1|ARO:3000676|H-NS_79729-_0__BAB35162.1|ARO:3000676|H-NS_79729-_2_length_2398	2398
BAB35162.1|ARO:3000676|H-NS_79729-_0__BAB35162.1|ARO:3000676|H-NS_79729-_3_length_2398	2398
BAB35162.1|ARO:3000676|H-NS_79729-_0__BAB35162.1|ARO:3000676|H-NS_79729-_4_length_2398	2398
BAB35162.1|ARO:3000676|H-NS_79729-_0__BAB35162.1|ARO:3000676|H-NS_79729-_5_length_2398	2398
BAB36671.1|ARO:3000832|evgA_120561+_0__BAB36671.1|ARO:3000832|evgA_120561+_0_length_2611	2611
BAB38260.1|ARO:3000830|cpxA_133720-_0__BAB38260.1|ARO:3000830|cpxA_133720-_0_length_3370	3370
BAB38260.1|ARO:3000830|cpxA_4108930-_0__BAB38260.1|ARO:3000830|cpxA_4108930-_0_length_3370	3370
BAB41874.1|ARO:3000815|mgrA_145171-_0__BAB41874.1|ARO:3000815|mgrA_145171-_0_length_2440	2440
BAB43261.1|ARO:3007013|sdrM_145851+_0__BAB43261.1|ARO:3007013|sdrM_145851+_0_length_3340	3340
BAB56495.1|ARO:3000746|mepR_136934-_0__BAB56495.1|ARO:3000746|mepR_136934-_0_length_2416	2416
BAC11911.1|ARO:3003551|emeA_169955-_0__BAC11911.1|ARO:3003551|emeA_169955-_0_length_3151	3151
BAE06005.1|ARO:3003704|mexM_97753-_0__BAE06005.1|ARO:3003704|mexM_97753-_0_length_3154	3154
BAE06006.1|ARO:3003705|mexN_97753-_0__BAE06006.1|ARO:3003705|mexN_97753-_0_length_5107	5107
BAE06007.1|ARO:3003698|mexP_115643-_0__BAE06007.1|ARO:3003698|mexP_115643-_0_length_3154	3154
BAE06008.1|ARO:3003699|mexQ_115643-_0__BAE06008.1|ARO:3003699|mexQ_115643-_0_length_5158	5158
BAE06009.1|ARO:3003700|opmE_115643-_0__BAE06009.1|ARO:3003700|opmE_115643-_0_length_3403	3403
BAE77778.1|ARO:3000508|gadX_129824+_0__BAE77778.1|ARO:3000508|gadX_129824+_0_length_2821	2821
BAE77778.1|ARO:3000508|gadX_129824+_1__BAE77778.1|ARO:3000508|gadX_129824+_0_length_2821	2821
BAE77781.1|ARO:3000795|mdtE_129824+_0__BAE77781.1|ARO:3000795|mdtE_129824+_0_length_3154	3154
BAE77933.1|ARO:3000518|CRP_125932-_0__BAE77933.1|ARO:3000518|CRP_125932-_0_length_2629	2629
BAE77933.1|ARO:3000518|CRP_125932-_1__BAE77933.1|ARO:3000518|CRP_125932-_0_length_2629	2629
BAE77933.1|ARO:3000518|CRP_79913-_0__BAE77933.1|ARO:3000518|CRP_79913-_0_length_2629	2629
BAE77933.1|ARO:3000518|CRP_79913-_0__BAE77933.1|ARO:3000518|CRP_79913-_1_length_2629	2629
BAE78082.1|ARO:3003550|mdtP_167095+_0__BAE78082.1|ARO:3003550|mdtP_167095+_0_length_3463	3463
BAE78083.1|ARO:3003549|mdtO_167095+_0__BAE78083.1|ARO:3003549|mdtO_167095+_0_length_4048	4048
BAE78084.1|ARO:3003548|mdtN_167095+_0__BAE78084.1|ARO:3003548|mdtN_167095+_0_length_3028	3028
BAE78116.1|ARO:3003576|eptA_156177-_0__BAE78116.1|ARO:3003576|eptA_156177-_0_length_3640	3640
BAE78116.1|ARO:3003576|eptA_137851-_0__BAE78116.1|ARO:3003576|eptA_137851-_0_length_3640	3640
BAH63251.1|ARO:3004580|Kpne_KpnE_134490-_0__BAH63251.1|ARO:3004580|Kpne_KpnE_134490-_0_length_2353	2353
BAH63251.1|ARO:3004580|Kpne_KpnE_120725+_0__BAH63251.1|ARO:3004580|Kpne_KpnE_120725+_0_length_2317	2317
BAH63252.1|ARO:3004583|Kpne_KpnF_3981258-_3617318-_2969300-_6957933-_3617318+_3981258+_0__BAH63252.1|ARO:3004583|Kpne_KpnF_3981258-_3617318-_2969300-_6957933-_3617318+_3981258+_0_length_2851	2851
BAH63252.1|ARO:3004583|Kpne_KpnF_134490-_0__BAH63252.1|ARO:3004583|Kpne_KpnF_134490-_0_length_2326	2326
CAA27733.1|ARO:3008823|PC1_124558+_0__CAA27733.1|ARO:3008823|PC1_124558+_0_length_2842	2842
CAA27733.1|ARO:3008823|PC1_124558+_1__CAA27733.1|ARO:3008823|PC1_124558+_0_length_2842	2842
CAB12108.2|ARO:3003059|tmrB_149223-_0__CAB12108.2|ARO:3003059|tmrB_149223-_0_length_2572	2572
CAB13166.1|ARO:3003063|ykkC_133220+_0__CAB13166.1|ARO:3003063|ykkC_133220+_0_length_2335	2335
CAB13167.1|ARO:3003064|ykkD_133220+_0__CAB13167.1|ARO:3003064|ykkD_133220+_0_length_2314	2314
CAC99773.1|ARO:3003770|Lmon_mprF_34282-_0__CAC99773.1|ARO:3003770|Lmon_mprF_34282-_0_length_4591	4591
CAC99773.1|ARO:3003770|Lmon_mprF_34282-_1__CAC99773.1|ARO:3003770|Lmon_mprF_34282-_0_length_4591	4591
CAX52582.1|ARO:3003324|Bsub_mprF_99447-_0__CAX52582.1|ARO:3003324|Bsub_mprF_99447-_0_length_4567	4567
CCI79240.1|ARO:3005047|eptB_94400-_3633905-_2976190-_3474367+_83503+_2976190+_3633905+_132496-_0__CCI79240.1|ARO:3005047|eptB_94400-_3633905-_2976190-_3474367+_83503+_2976190+_3633905+_132496-_0_length_5851	5851
CCI79240.1|ARO:3005047|eptB_94400-_3633905-_2976190-_3474367+_83503+_2976190+_3633905+_94400+_0__CCI79240.1|ARO:3005047|eptB_94400-_3633905-_2976190-_3474367+_83503+_2976190+_3633905+_94400+_0_length_5831	5831
CCQ22388.1|ARO:3000421|norB_157169+_0__CCQ22388.1|ARO:3000421|norB_157169+_0_length_3397	3397
CDO13836.1|ARO:3005044|OmpA_4023866+_6327049+_3865178-_0__CDO13836.1|ARO:3005044|OmpA_4023866+_6327049+_3865178-_0_length_3071	3071
CDO13836.1|ARO:3005044|OmpA_4023866+_6327049+_3865178-_0__CDO13836.1|ARO:3005044|OmpA_4023866+_6327049+_3865178-_1_length_3071	3071
CDO13836.1|ARO:3005044|OmpA_4023866+_6327049+_3865178-_1__CDO13836.1|ARO:3005044|OmpA_4023866+_6327049+_3865178-_0_length_3071	3071
AML99881.1|ARO:3001327|MdtK_4062865-_2__AML99881.1|ARO:3001327|MdtK_4062865-_0_length_3421	3421
AML99881.1|ARO:3001327|MdtK_4062865-_2__AML99881.1|ARO:3001327|MdtK_4062865-_1_length_3421	3421
AML99881.1|ARO:3001327|MdtK_4062865-_2__AML99881.1|ARO:3001327|MdtK_4062865-_2_length_3421	3421
AML99881.1|ARO:3001327|MdtK_4062865-_2__AML99881.1|ARO:3001327|MdtK_4062865-_3_length_3421	3421
AML99881.1|ARO:3001327|MdtK_4062865-_2__AML99881.1|ARO:3001327|MdtK_4062865-_4_length_3421	3421
AML99881.1|ARO:3001327|MdtK_4062865-_2__AML99881.1|ARO:3001327|MdtK_4062865-_5_length_3421	3421
AML99881.1|ARO:3001327|MdtK_4062865-_2__AML99881.1|ARO:3001327|MdtK_4062865-_6_length_3421	3421
AML99881.1|ARO:3001327|MdtK_4062865-_2__AML99881.1|ARO:3001327|MdtK_4062865-_7_length_3421	3421
AML99881.1|ARO:3001327|MdtK_4062865-_2__AML99881.1|ARO:3001327|MdtK_4062865-_8_length_3421	3421
AML99881.1|ARO:3001327|MdtK_4062865-_2__AML99881.1|ARO:3001327|MdtK_4062865-_9_length_3421	3421
AML99881.1|ARO:3001327|MdtK_4062865-_3__AML99881.1|ARO:3001327|MdtK_4062865-_0_length_3421	3421
AML99881.1|ARO:3001327|MdtK_4062865-_3__AML99881.1|ARO:3001327|MdtK_4062865-_1_length_3421	3421
AML99881.1|ARO:3001327|MdtK_4062865-_3__AML99881.1|ARO:3001327|MdtK_4062865-_2_length_3421	3421
AML99881.1|ARO:3001327|MdtK_4062865-_3__AML99881.1|ARO:3001327|MdtK_4062865-_3_length_3421	3421
AML99881.1|ARO:3001327|MdtK_4062865-_3__AML99881.1|ARO:3001327|MdtK_4062865-_4_length_3421	3421
AML99881.1|ARO:3001327|MdtK_4062865-_3__AML99881.1|ARO:3001327|MdtK_4062865-_5_length_3421	3421
AML99881.1|ARO:3001327|MdtK_4062865-_3__AML99881.1|ARO:3001327|MdtK_4062865-_7_length_3421	3421
AML99881.1|ARO:3001327|MdtK_4062865-_3__AML99881.1|ARO:3001327|MdtK_4062865-_8_length_3421	3421
AML99881.1|ARO:3001327|MdtK_4062865-_3__AML99881.1|ARO:3001327|MdtK_4062865-_9_length_3421	3421
AML99881.1|ARO:3001327|MdtK_4062865-_4__AML99881.1|ARO:3001327|MdtK_4062865-_0_length_3421	3421
AML99881.1|ARO:3001327|MdtK_4062865-_4__AML99881.1|ARO:3001327|MdtK_4062865-_1_length_3421	3421
AML99881.1|ARO:3001327|MdtK_4062865-_4__AML99881.1|ARO:3001327|MdtK_4062865-_2_length_3421	3421
AML99881.1|ARO:3001327|MdtK_4062865-_4__AML99881.1|ARO:3001327|MdtK_4062865-_3_length_3421	3421
AML99881.1|ARO:3001327|MdtK_4062865-_4__AML99881.1|ARO:3001327|MdtK_4062865-_5_length_3421	3421
AML99881.1|ARO:3001327|MdtK_4062865-_4__AML99881.1|ARO:3001327|MdtK_4062865-_6_length_3421	3421
AML99881.1|ARO:3001327|MdtK_4062865-_4__AML99881.1|ARO:3001327|MdtK_4062865-_7_length_3421	3421
AML99881.1|ARO:3001327|MdtK_4062865-_4__AML99881.1|ARO:3001327|MdtK_4062865-_8_length_3421	3421
AML99881.1|ARO:3001327|MdtK_4062865-_4__AML99881.1|ARO:3001327|MdtK_4062865-_9_length_3421	3421
AML99881.1|ARO:3001327|MdtK_4062865-_5__AML99881.1|ARO:3001327|MdtK_4062865-_0_length_3381	3381
AML99881.1|ARO:3001327|MdtK_4062865-_5__AML99881.1|ARO:3001327|MdtK_4062865-_1_length_3381	3381
AML99881.1|ARO:3001327|MdtK_4062865-_5__AML99881.1|ARO:3001327|MdtK_4062865-_2_length_3381	3381
AML99881.1|ARO:3001327|MdtK_4062865-_5__AML99881.1|ARO:3001327|MdtK_4062865-_3_length_3381	3381
AML99881.1|ARO:3001327|MdtK_4062865-_5__AML99881.1|ARO:3001327|MdtK_4062865-_4_length_3381	3381
AML99881.1|ARO:3001327|MdtK_4062865-_5__AML99881.1|ARO:3001327|MdtK_4062865-_5_length_3381	3381
AML99881.1|ARO:3001327|MdtK_4062865-_5__AML99881.1|ARO:3001327|MdtK_4062865-_7_length_3381	3381
AML99881.1|ARO:3001327|MdtK_4062865-_5__AML99881.1|ARO:3001327|MdtK_4062865-_8_length_3381	3381
AML99881.1|ARO:3001327|MdtK_4062865-_5__AML99881.1|ARO:3001327|MdtK_4062865-_9_length_3381	3381
AML99881.1|ARO:3001327|MdtK_4062865-_6__AML99881.1|ARO:3001327|MdtK_4062865-_1_length_3381	3381
AML99881.1|ARO:3001327|MdtK_4062865-_6__AML99881.1|ARO:3001327|MdtK_4062865-_3_length_3381	3381
AML99881.1|ARO:3001327|MdtK_4062865-_6__AML99881.1|ARO:3001327|MdtK_4062865-_5_length_3381	3381
AML99881.1|ARO:3001327|MdtK_4062865-_6__AML99881.1|ARO:3001327|MdtK_4062865-_7_length_3381	3381
AML99881.1|ARO:3001327|MdtK_4062865-_6__AML99881.1|ARO:3001327|MdtK_4062865-_9_length_3381	3381
AML99881.1|ARO:3001327|MdtK_4062865-_7__AML99881.1|ARO:3001327|MdtK_4062865-_0_length_3421	3421
AML99881.1|ARO:3001327|MdtK_4062865-_7__AML99881.1|ARO:3001327|MdtK_4062865-_1_length_3421	3421
AML99881.1|ARO:3001327|MdtK_4062865-_7__AML99881.1|ARO:3001327|MdtK_4062865-_2_length_3421	3421
AML99881.1|ARO:3001327|MdtK_4062865-_7__AML99881.1|ARO:3001327|MdtK_4062865-_3_length_3421	3421
AML99881.1|ARO:3001327|MdtK_4062865-_7__AML99881.1|ARO:3001327|MdtK_4062865-_4_length_3421	3421
AML99881.1|ARO:3001327|MdtK_4062865-_7__AML99881.1|ARO:3001327|MdtK_4062865-_5_length_3421	3421
AML99881.1|ARO:3001327|MdtK_4062865-_7__AML99881.1|ARO:3001327|MdtK_4062865-_6_length_3421	3421
AML99881.1|ARO:3001327|MdtK_4062865-_7__AML99881.1|ARO:3001327|MdtK_4062865-_7_length_3421	3421
AML99881.1|ARO:3001327|MdtK_4062865-_7__AML99881.1|ARO:3001327|MdtK_4062865-_8_length_3421	3421
AML99881.1|ARO:3001327|MdtK_4062865-_7__AML99881.1|ARO:3001327|MdtK_4062865-_9_length_3421	3421
AML99881.1|ARO:3001327|MdtK_4062865-_8__AML99881.1|ARO:3001327|MdtK_4062865-_0_length_3421	3421
AML99881.1|ARO:3001327|MdtK_4062865-_8__AML99881.1|ARO:3001327|MdtK_4062865-_1_length_3421	3421
AML99881.1|ARO:3001327|MdtK_4062865-_8__AML99881.1|ARO:3001327|MdtK_4062865-_2_length_3421	3421
AML99881.1|ARO:3001327|MdtK_4062865-_8__AML99881.1|ARO:3001327|MdtK_4062865-_3_length_3421	3421
AML99881.1|ARO:3001327|MdtK_4062865-_8__AML99881.1|ARO:3001327|MdtK_4062865-_4_length_3421	3421
AML99881.1|ARO:3001327|MdtK_4062865-_8__AML99881.1|ARO:3001327|MdtK_4062865-_5_length_3421	3421
AAC76093.1|ARO:3002986|bacA_132270-_0__AAC76093.1|ARO:3002986|bacA_132270-_0_length_2818	2818
AAC76093.1|ARO:3002986|bacA_157663-_0__AAC76093.1|ARO:3002986|bacA_157663-_0_length_2818	2818
AAC76296.1|ARO:3000656|AcrS_118715-_0__AAC76296.1|ARO:3000656|AcrS_118715-_0_length_2659	2659
AAC76296.1|ARO:3000656|AcrS_118715-_1__AAC76296.1|ARO:3000656|AcrS_118715-_0_length_2659	2659
AAC76297.1|ARO:3000499|AcrE_88203-_0__AAC76297.1|ARO:3000499|AcrE_88203-_0_length_2986	2986
AAC76297.1|ARO:3000499|AcrE_42827-_4271603+_118715-_0__AAC76297.1|ARO:3000499|AcrE_42827-_4271603+_118715-_0_length_3209	3209
AAC76297.1|ARO:3000499|AcrE_42827-_4271603+_118715-_1__AAC76297.1|ARO:3000499|AcrE_42827-_4271603+_118715-_0_length_3209	3209
AAC76298.1|ARO:3000502|AcrF_159373+_55+_3002904+_4104451-_2721264+_42827-_0__AAC76298.1|ARO:3000502|AcrF_159373+_55+_3002904+_4104451-_2721264+_42827-_0_length_5156	5156
AAC76298.1|ARO:3000502|AcrF_159373+_55+_3002904+_4477047+_55-_159373-_0__AAC76298.1|ARO:3000502|AcrF_159373+_55+_3002904+_4477047+_55-_159373-_0_length_7568	7568
AAC76298.1|ARO:3000502|AcrF_88203+_3460879+_93870+_0__AAC76298.1|ARO:3000502|AcrF_88203+_3460879+_93870+_0_length_5153	5153
AAC76539.1|ARO:3000796|mdtF_129824+_0__AAC76539.1|ARO:3000796|mdtF_129824+_0_length_5110	5110
AAC77110.1|ARO:3004290|Ecol_ampC_BLA_169971+_0__AAC77110.1|ARO:3004290|Ecol_ampC_BLA_169971+_0_length_3130	3130
AAC77293.1|ARO:3001214|mdtM_123418+_0__AAC77293.1|ARO:3001214|mdtM_123418+_0_length_3223	3223
AAC77293.1|ARO:3001214|mdtM_126798+_0__AAC77293.1|ARO:3001214|mdtM_126798+_0_length_3229	3229
AAG03546.1|ARO:3003679|TriA_112575+_0__AAG03546.1|ARO:3003679|TriA_112575+_0_length_3148	3148
AAG03547.1|ARO:3003680|TriB_112575+_0__AAG03547.1|ARO:3003680|TriB_112575+_0_length_3067	3067
AAG03548.1|ARO:3003681|TriC_112575+_0__AAG03548.1|ARO:3003681|TriC_112575+_0_length_5044	5044
AAG03814.1|ARO:3000377|MexA_135378-_0__AAG03814.1|ARO:3000377|MexA_135378-_0_length_3148	3148
AAG03814.1|ARO:3000377|MexA_135378-_0__AAG03814.1|ARO:3000377|MexA_135378-_1_length_3148	3148
AAG03816.1|ARO:3000379|OprM_135378-_0__AAG03816.1|ARO:3000379|OprM_135378-_0_length_3454	3454
AAG04518.1|ARO:3000149|FosA_103043+_0__AAG04518.1|ARO:3000149|FosA_103043+_0_length_2404	2404
AAG04750.1|ARO:3004077|PmpM_110583+_0__AAG04750.1|ARO:3004077|PmpM_110583+_0_length_3430	3430
AAG05187.1|ARO:3005067|ParS_158325+_0__AAG05187.1|ARO:3005067|ParS_158325+_0_length_3283	3283
AAG05188.1|ARO:3005068|ParR_158325+_0__AAG05188.1|ARO:3005068|ParR_158325+_0_length_2704	2704
AAG05661.1|ARO:3004107|Paer_soxR_167177+_0__AAG05661.1|ARO:3004107|Paer_soxR_167177+_0_length_2467	2467
AAG05881.1|ARO:3000803|MexE_101099+_0__AAG05881.1|ARO:3000803|MexE_101099+_0_length_3241	3241
AAG05882.1|ARO:3000804|MexF_118459+_3622829+_101099+_0__AAG05882.1|ARO:3000804|MexF_118459+_3622829+_101099+_0_length_5240	5240
AAG05883.1|ARO:3000805|OprN_118459-_0__AAG05883.1|ARO:3000805|OprN_118459-_0_length_3415	3415
AAG05913.1|ARO:3004072|OpmB_169907+_0__AAG05913.1|ARO:3004072|OpmB_169907+_0_length_3496	3496
AAG05913.1|ARO:3004072|OpmB_169907+_1__AAG05913.1|ARO:3004072|OpmB_169907+_0_length_3496	3496
AAG05914.1|ARO:3004075|MuxC_122612-_2895768-_169907+_0__AAG05914.1|ARO:3004075|MuxC_122612-_2895768-_169907+_0_length_5162	5162
AAG05915.1|ARO:3004074|MuxB_77467+_77465-_101279+_0__AAG05915.1|ARO:3004074|MuxB_77467+_77465-_101279+_0_length_4844	4844
AAG05915.1|ARO:3004074|MuxB_77467+_77465-_101279+_1__AAG05915.1|ARO:3004074|MuxB_77467+_77465-_101279+_0_length_4844	4844
AAG05916.1|ARO:3004073|MuxA_101279+_0__AAG05916.1|ARO:3004073|MuxA_101279+_0_length_3277	3277
AAG06465.1|ARO:3005063|cprR_83529-_0__AAG06465.1|ARO:3005063|cprR_83529-_0_length_2668	2668
AAG06466.1|ARO:3005064|cprS_83529-_0__AAG06466.1|ARO:3005064|cprS_83529-_0_length_3292	3292
AAG06942.1|ARO:3002985|arnA_99783-_0__AAG06942.1|ARO:3002985|arnA_99783-_0_length_3985	3985
AAG07064.1|ARO:3003693|MexK_158415+_0__AAG07064.1|ARO:3003693|MexK_158415+_0_length_5074	5074
AAG07065.1|ARO:3003692|MexJ_158415+_0__AAG07065.1|ARO:3003692|MexJ_158415+_0_length_3100	3100
AAG07106.1|ARO:3004056|ArmR_126618+_0__AAG07106.1|ARO:3004056|ArmR_126618+_0_length_2158	2158
AAG07592.1|ARO:3000806|MexG_99504+_0__AAG07592.1|ARO:3000806|MexG_99504+_0_length_2443	2443
