AAC6SS-Iy_extracted1	2438
acrB_extracted1	5150
acrB_extracted2	5150
acrD_extracted1	5114
AcrE_extracted1	3158
AcrF_extracted1	5105
AcrF_extracted2	5097
AcrS_extracted1	2663
ANT4SS-Ia_extracted1	2314
APH3SS-IIb_extracted1	2807
arlR_extracted1	2660
arlS_extracted1	3356
arnA_extracted1	3989
bacA_extracted1	2822
basS_extracted1	3434
bcr-1_extracted1	3209
cprR_extracted1	2672
cprS_extracted1	3296
cpxA_extracted1	3374
CRP_extracted1	2633
CRP_extracted2	2633
dfrE_extracted1	2495
Ecol_acrA_extracted1	3194
Ecol_acrA_extracted2	3194
Ecol_ampC_BLA_extracted1	3134
Ecol_mdfA_extracted1	3233
efrA_extracted1	3728
efrB_extracted10	3054
efrB_extracted11	3054
efrB_extracted12	3054
efrB_extracted13	3054
efrB_extracted14	3054
efrB_extracted15	3054
efrB_extracted16	3054
efrB_extracted17	3054
efrB_extracted18	3054
efrB_extracted19	3054
efrB_extracted1	3054
efrB_extracted20	3054
efrB_extracted21	3054
efrB_extracted22	3054
efrB_extracted23	3054
efrB_extracted24	3054
efrB_extracted25	3054
efrB_extracted26	3054
efrB_extracted27	3054
efrB_extracted28	3054
efrB_extracted2	3054
efrB_extracted3	3054
efrB_extracted4	3054
efrB_extracted5	3054
efrB_extracted6	3054
efrB_extracted7	3054
efrB_extracted8	3054
efrB_extracted9	3054
emeA_extracted1	3155
emrK_extracted1	3056
emrY_extracted1	3539
eptA_extracted1	3644
evgA_extracted1	2615
evgS_extracted1	5594
FosA_extracted1	2408
FosX_extracted1	2402
FosX_extracted2	2402
gadX_extracted1	2825
gadX_extracted2	2825
golS_extracted1	2465
H-NS_extracted1	2414
H-NS_extracted2	2414
H-NS_extracted3	2414
IreK_extracted1	4157
kdpD_extracted1	4658
kdpE_extracted1	2678
leuO_extracted1	2945
Lmon_mprF_extracted1	4594
lsaA_extracted1	3497
marA_extracted1	2384
mdsA_extracted1	3227
mdsB_extracted1	5168
mdsC_extracted1	3512
mdtA_extracted1	3248
mdtB_extracted1	5123
mdtC_extracted1	5078
mdtE_extracted1	3158
mdtF_extracted1	5114
mdtG_extracted1	3227
mdtH_extracted1	3209
MdtK_extracted10	3425
MdtK_extracted11	3425
MdtK_extracted12	3425
MdtK_extracted13	3425
MdtK_extracted14	3425
MdtK_extracted15	3425
MdtK_extracted16	3425
MdtK_extracted17	3425
MdtK_extracted18	3425
MdtK_extracted1	3425
MdtK_extracted20	3425
MdtK_extracted21	3425
MdtK_extracted22	3425
MdtK_extracted23	3425
MdtK_extracted24	3425
MdtK_extracted25	3425
MdtK_extracted26	3425
MdtK_extracted27	3425
MdtK_extracted28	3425
MdtK_extracted29	3425
MdtK_extracted2	3425
MdtK_extracted30	3425
MdtK_extracted31	3425
MdtK_extracted32	3425
MdtK_extracted33	3425
MdtK_extracted35	3425
MdtK_extracted36	3425
MdtK_extracted37	3425
MdtK_extracted38	3425
MdtK_extracted39	3425
MdtK_extracted3	3425
MdtK_extracted40	3425
MdtK_extracted41	3425
MdtK_extracted42	3425
MdtK_extracted43	3425
MdtK_extracted4	3425
MdtK_extracted5	3425
MdtK_extracted6	3425
MdtK_extracted7	3425
MdtK_extracted8	3425
MdtK_extracted9	3425
mdtM_extracted1	3233
mdtN_extracted1	3032
mdtO_extracted1	4052
mdtP_extracted1	3467
mepA_extracted1	3356
mepR_extracted1	2420
MexA_extracted1	3152
MexA_extracted2	3152
MexB_extracted1	5141
MexC_extracted1	3164
MexD_extracted1	5132
MexE_extracted1	3245
MexF_extracted1	5189
MexG_extracted1	2447
MexH_extracted1	3113
MexI_extracted1	5090
MexJ_extracted1	3104
MexK_extracted1	5078
mexM_extracted1	3158
mexN_extracted1	5111
mexP_extracted1	3158
mexQ_extracted1	5162
MexV_extracted1	3131
MexW_extracted1	5057
mexX_extracted1	3180
mexY_extracted1	5138
mgrA_extracted1	2444
msbA_extracted1	3749
MuxA_extracted1	3281
MuxB_extracted1	5132
MuxC_extracted1	5111
norC_extracted1	3389
OpmB_extracted1	3500
OpmD_extracted1	3464
opmE_extracted1	3475
OpmH_extracted1	3449
OprJ_extracted1	3440
OprM_extracted1	3458
OprN_extracted1	3419
OXA-50_extracted1	2789
Paer_catB7_extracted1	2639
Paer_CpxR_extracted1	2678
Paer_emrE_extracted1	2333
Paer_soxR_extracted1	2471
ParR_extracted1	2708
ParS_extracted1	3287
PC1_blaZ_extracted1	2846
PC1_blaZ_extracted2	2846
PDC-8_extracted1	3194
PmpM_extracted1	3434
PmrF_extracted1	2969
qacG_extracted1	2324
rsmA_extracted1	2186
rsmA_extracted2	2186
rsmA_extracted3	2186
Saur_FosB_extracted1	2420
Saur_LmrS_extracted1	3443
Saur_norA_extracted1	3167
sdiA_extracted1	2723
sdiA_extracted2	2723
sdrM_extracted1	3344
tet38_extracted1	3353
tetL_extracted1	3377
TolC_extracted1	3488
TriA_extracted1	3152
TriB_extracted1	3071
TriC_extracted1	5048
YajC_extracted1	2339
YojI_extracted1	3643
