tag	name	status	exit	realtime	cpus	disk	%cpu	%mem	peak_rss	peak_vmem	rchar	wchar
assembly_graph_after_simplification	GRAPHALIGNER (assembly_graph_after_simplification)	COMPLETED	0	11074	5	-	340.3	0.1	508194816	1069006848	131288255	74149103
assembly_graph_after_simplification	GRAPHALIGNER_OUTPUT_PROCESSING (assembly_graph_after_simplification)	COMPLETED	0	18574	1	-	121.0	0.0	102187008	5881872384	7481912571	4243791
assembly_graph_after_simplification	SUBGRAPH_EXTRACT (assembly_graph_after_simplification)	COMPLETED	0	28220	1	-	114.6	0.0	143208448	5921128448	7474414163	27327319
assembly_graph_after_simplification	GFAKRAKEN2 (assembly_graph_after_simplification)	COMPLETED	0	582160	16	-	29.7	18.7	101224345600	103151423488	101076253021	72489409
assembly_graph_after_simplification	PATH_WALK (assembly_graph_after_simplification)	COMPLETED	0	3103	1	-	136.6	0.0	187273216	5999136768	58850126	453140
assembly_graph_after_simplification	PATH_WALK (assembly_graph_after_simplification)	COMPLETED	0	3130	1	-	114.9	0.0	183459840	6000193536	58940105	570919
assembly_graph_after_simplification	PATH_WALK (assembly_graph_after_simplification)	COMPLETED	0	3114	1	-	121.5	0.0	187285504	6000189440	58942809	571553
assembly_graph_after_simplification	PATH_WALK (assembly_graph_after_simplification)	COMPLETED	0	3091	1	-	116.5	0.0	189018112	6000136192	58915971	1576164
assembly_graph_after_simplification	PATH_WALK (assembly_graph_after_simplification)	COMPLETED	0	3114	1	-	135.2	0.0	189161472	6000144384	58895123	263073
assembly_graph_after_simplification	PATH_WALK (assembly_graph_after_simplification)	COMPLETED	0	2980	1	-	120.1	0.0	187772928	5999194112	58798508	231124
assembly_graph_after_simplification	PATH_WALK (assembly_graph_after_simplification)	COMPLETED	0	3064	1	-	115.9	0.0	187682816	5998989312	58714041	7781
assembly_graph_after_simplification	PATH_WALK (assembly_graph_after_simplification)	COMPLETED	0	3243	1	-	137.5	0.0	187265024	6000369664	59035087	867529
assembly_graph_after_simplification	PATH_WALK (assembly_graph_after_simplification)	COMPLETED	0	3065	1	-	129.9	0.0	188346368	6000214016	58890397	832364
assembly_graph_after_simplification	PATH_WALK (assembly_graph_after_simplification)	COMPLETED	0	2947	1	-	180.5	0.0	193163264	6004154368	58890375	832343
assembly_graph_after_simplification	PATH_WALK (assembly_graph_after_simplification)	COMPLETED	0	3013	1	-	142.4	0.0	193232896	6004256768	59057872	195049
assembly_graph_after_simplification	PATH_WALK (assembly_graph_after_simplification)	COMPLETED	0	3214	1	-	151.1	0.0	185950208	6000189440	59032724	1622582
assembly_graph_after_simplification	PATH_WALK (assembly_graph_after_simplification)	COMPLETED	0	3203	1	-	108.2	0.0	184778752	6000144384	58913847	1576109
assembly_graph_after_simplification	PATH_WALK (assembly_graph_after_simplification)	COMPLETED	0	2958	1	-	162.2	0.0	191037440	6002507776	58786560	78547
assembly_graph_after_simplification	PATH_WALK (assembly_graph_after_simplification)	COMPLETED	0	3371	1	-	118.8	0.0	188239872	6000500736	59104789	710140
assembly_graph_after_simplification	PATH_WALK (assembly_graph_after_simplification)	COMPLETED	0	3613	1	-	104.5	0.0	190099456	6005485568	59626044	5301577
3000149inst1	MINIMAP_REDUNDANCY_REMOVER (3000149inst1)	COMPLETED	0	1803	8	-	149.9	0.0	78458880	5849305088	16994917	81272
3000074inst1	MINIMAP_REDUNDANCY_REMOVER (3000074inst1)	COMPLETED	0	1992	8	-	206.8	0.0	78405632	5849665536	17485554	102908
3000516inst1	MINIMAP_REDUNDANCY_REMOVER (3000516inst1)	COMPLETED	0	2022	8	-	206.6	0.0	75710464	5849534464	17485549	102908
assembly_graph_after_simplification	PATH_WALK (assembly_graph_after_simplification)	COMPLETED	0	3445	1	-	117.3	0.0	180568064	5992333312	58885238	1089743
assembly_graph_after_simplification	PATH_WALK (assembly_graph_after_simplification)	COMPLETED	0	3543	1	-	129.5	0.0	186859520	6000148480	58857861	677852
assembly_graph_after_simplification	PATH_WALK (assembly_graph_after_simplification)	COMPLETED	0	3622	1	-	130.0	0.0	154460160	5950058496	58836028	400190
assembly_graph_after_simplification	PATH_WALK (assembly_graph_after_simplification)	COMPLETED	0	3425	1	-	121.5	0.0	187207680	6000107520	58825734	175293
assembly_graph_after_simplification	PATH_WALK (assembly_graph_after_simplification)	COMPLETED	0	3230	1	-	128.4	0.0	192098304	6004162560	58905893	164513
assembly_graph_after_simplification	PATH_WALK (assembly_graph_after_simplification)	COMPLETED	0	3455	1	-	131.3	0.0	189247488	6000279552	59031190	2312203
assembly_graph_after_simplification	PATH_WALK (assembly_graph_after_simplification)	COMPLETED	0	3323	1	-	144.0	0.0	189669376	6000148480	58895152	263102
assembly_graph_after_simplification	PATH_WALK (assembly_graph_after_simplification)	COMPLETED	0	3613	1	-	157.3	0.0	178987008	5990572032	58895485	895066
assembly_graph_after_simplification	PATH_WALK (assembly_graph_after_simplification)	COMPLETED	0	3739	1	-	158.4	0.0	160116736	5966819328	58798244	193477
assembly_graph_after_simplification	PATH_WALK (assembly_graph_after_simplification)	COMPLETED	0	3964	1	-	109.0	0.0	194637824	6006390784	59626051	5301584
assembly_graph_after_simplification	PATH_WALK (assembly_graph_after_simplification)	COMPLETED	0	3222	1	-	165.7	0.0	194068480	6004162560	58899455	309186
assembly_graph_after_simplification	PATH_WALK (assembly_graph_after_simplification)	COMPLETED	0	3578	1	-	137.4	0.0	186953728	6000386048	58954912	1257921
assembly_graph_after_simplification	PATH_WALK (assembly_graph_after_simplification)	COMPLETED	0	3443	1	-	137.5	0.0	186015744	6000222208	58903814	164505
assembly_graph_after_simplification	PATH_WALK (assembly_graph_after_simplification)	COMPLETED	0	3536	1	-	138.7	0.0	189001728	6000381952	59104890	2175200
assembly_graph_after_simplification	PATH_WALK (assembly_graph_after_simplification)	COMPLETED	0	3044	1	-	182.5	0.0	193142784	6004056064	58809548	123221
assembly_graph_after_simplification	PATH_WALK (assembly_graph_after_simplification)	COMPLETED	0	3792	1	-	127.2	0.0	192331776	6004314112	59104905	2175215
3000206inst1	MINIMAP_REDUNDANCY_REMOVER (3000206inst1)	COMPLETED	0	1158	8	-	298.6	0.0	3780608	10215424	16159734	61459
3000421inst1	MINIMAP_REDUNDANCY_REMOVER (3000421inst1)	COMPLETED	0	1253	8	-	269.8	0.0	3768320	10215424	16100008	74058
3000790inst1	MINIMAP_REDUNDANCY_REMOVER (3000790inst1)	COMPLETED	0	2166	8	-	557.4	0.0	76140544	837476352	21586633	255145
3000179inst1	MINIMAP_REDUNDANCY_REMOVER (3000179inst1)	COMPLETED	0	18	8	-	115.9	0.0	0	0	184708	276
3000377inst1	MINIMAP_REDUNDANCY_REMOVER (3000377inst1)	COMPLETED	0	1294	8	-	329.6	0.0	36352000	837742592	18544749	177805
3000216inst1	MINIMAP_REDUNDANCY_REMOVER (3000216inst1)	COMPLETED	0	1412	8	-	415.5	0.0	39235584	778760192	19013271	288697
assembly_graph_after_simplification	PATH_WALK (assembly_graph_after_simplification)	COMPLETED	0	3314	1	-	131.8	0.0	186359808	5998555136	58915886	1576073
assembly_graph_after_simplification	PATH_WALK (assembly_graph_after_simplification)	COMPLETED	0	3387	1	-	139.7	0.0	178196480	5989834752	58906044	164669
assembly_graph_after_simplification	PATH_WALK (assembly_graph_after_simplification)	COMPLETED	0	3383	1	-	126.3	0.0	177713152	5989244928	58936417	571366
assembly_graph_after_simplification	PATH_WALK (assembly_graph_after_simplification)	COMPLETED	0	3505	1	-	133.3	0.0	163278848	5970636800	58957027	1257971
assembly_graph_after_simplification	PATH_WALK (assembly_graph_after_simplification)	COMPLETED	0	3750	1	-	141.1	0.0	194711552	6006243328	58881765	1200291
assembly_graph_after_simplification	PATH_WALK (assembly_graph_after_simplification)	COMPLETED	0	3268	1	-	142.8	0.0	186490880	6000435200	59025663	2076514
assembly_graph_after_simplification	PATH_WALK (assembly_graph_after_simplification)	COMPLETED	0	3618	1	-	129.3	0.0	187764736	5999374336	59001807	2040326
assembly_graph_after_simplification	PATH_WALK (assembly_graph_after_simplification)	COMPLETED	0	3520	1	-	133.7	0.0	186945536	6000095232	58743008	73131
assembly_graph_after_simplification	PATH_WALK (assembly_graph_after_simplification)	COMPLETED	0	3204	1	-	145.9	0.0	186699776	6000312320	59023556	2076477
assembly_graph_after_simplification	PATH_WALK (assembly_graph_after_simplification)	COMPLETED	0	3728	1	-	139.0	0.0	191877120	6004195328	58961607	69420
assembly_graph_after_simplification	PATH_WALK (assembly_graph_after_simplification)	COMPLETED	0	3702	1	-	149.4	0.0	186331136	5998317568	59032208	737352
assembly_graph_after_simplification	PATH_WALK (assembly_graph_after_simplification)	COMPLETED	0	4038	1	-	120.8	0.0	193056768	6004183040	58957056	1257995
assembly_graph_after_simplification	PATH_WALK (assembly_graph_after_simplification)	COMPLETED	0	3582	1	-	143.5	0.0	167542784	5981712384	58861906	1168973
assembly_graph_after_simplification	PATH_WALK (assembly_graph_after_simplification)	COMPLETED	0	4359	1	-	123.6	0.0	192970752	6005235712	59071706	1829007
assembly_graph_after_simplification	PATH_WALK (assembly_graph_after_simplification)	COMPLETED	0	3970	1	-	134.0	0.0	192925696	6003888128	59214567	1133080
assembly_graph_after_simplification	PATH_WALK (assembly_graph_after_simplification)	COMPLETED	0	4399	1	-	134.2	0.0	191619072	6004293632	59626068	5301606
3000379inst1	MINIMAP_REDUNDANCY_REMOVER (3000379inst1)	COMPLETED	0	1307	8	-	357.2	0.0	30126080	837742592	18542729	177805
3000499inst1	MINIMAP_REDUNDANCY_REMOVER (3000499inst1)	COMPLETED	0	1528	8	-	268.2	0.0	3747840	10215424	16052530	79202
3000789inst1	MINIMAP_REDUNDANCY_REMOVER (3000789inst1)	COMPLETED	0	2615	8	-	396.0	0.0	76648448	837476352	21586632	255145
assembly_graph_after_simplification	PATH_WALK (assembly_graph_after_simplification)	COMPLETED	0	3705	1	-	145.8	0.0	172756992	5987811328	58915975	1576168
3000263inst1	MINIMAP_REDUNDANCY_REMOVER (3000263inst1)	COMPLETED	0	927	8	-	315.2	0.0	3756032	10215424	15425159	45218
assembly_graph_after_simplification	PATH_WALK (assembly_graph_after_simplification)	COMPLETED	0	3679	1	-	156.3	0.0	186941440	5999136768	58864222	1015464
assembly_graph_after_simplification	PATH_WALK (assembly_graph_after_simplification)	COMPLETED	0	3818	1	-	144.3	0.0	194068480	6005198848	58890410	832378
assembly_graph_after_simplification	PATH_WALK (assembly_graph_after_simplification)	COMPLETED	0	3940	1	-	142.4	0.0	191692800	6004330496	59157262	1178098
assembly_graph_after_simplification	PATH_WALK (assembly_graph_after_simplification)	COMPLETED	0	3935	1	-	124.3	0.0	186339328	6000148480	58895182	263138
assembly_graph_after_simplification	PATH_WALK (assembly_graph_after_simplification)	COMPLETED	0	3602	1	-	127.5	0.0	187412480	6000197632	58870169	312275
assembly_graph_after_simplification	PATH_WALK (assembly_graph_after_simplification)	COMPLETED	0	4027	1	-	132.7	0.0	193970176	6005264384	58860980	9382
assembly_graph_after_simplification	PATH_WALK (assembly_graph_after_simplification)	COMPLETED	0	3829	1	-	129.2	0.0	191447040	6002524160	58816221	419647
assembly_graph_after_simplification	PATH_WALK (assembly_graph_after_simplification)	COMPLETED	0	3567	1	-	151.7	0.0	188096512	6000259072	58841387	361430
assembly_graph_after_simplification	PATH_WALK (assembly_graph_after_simplification)	COMPLETED	0	4055	1	-	124.4	0.0	191725568	6004158464	58987331	482408
assembly_graph_after_simplification	PATH_WALK (assembly_graph_after_simplification)	COMPLETED	0	4278	1	-	123.8	0.0	192339968	6004092928	58897243	263123
assembly_graph_after_simplification	PATH_WALK (assembly_graph_after_simplification)	COMPLETED	0	3845	1	-	139.1	0.0	160264192	5967142912	58990366	219077
assembly_graph_after_simplification	PATH_WALK (assembly_graph_after_simplification)	COMPLETED	0	3838	1	-	124.5	0.0	192487424	6004195328	58812197	442859
assembly_graph_after_simplification	PATH_WALK (assembly_graph_after_simplification)	COMPLETED	0	4503	1	-	115.3	0.0	190148608	6002524160	58814118	419618
assembly_graph_after_simplification	PATH_WALK (assembly_graph_after_simplification)	COMPLETED	0	3891	1	-	130.8	0.0	192663552	6004350976	58988070	650118
3000656inst1	MINIMAP_REDUNDANCY_REMOVER (3000656inst1)	COMPLETED	0	3094	8	-	509.5	0.0	80125952	5834567680	22302293	501397
3000502inst1	MINIMAP_REDUNDANCY_REMOVER (3000502inst1)	COMPLETED	0	1595	8	-	519.5	0.0	63156224	5833228288	18165321	307107
assembly_graph_after_simplification	PATH_WALK (assembly_graph_after_simplification)	COMPLETED	0	4094	1	-	159.6	0.0	195305472	6006149120	59769298	582619
assembly_graph_after_simplification	PATH_WALK (assembly_graph_after_simplification)	COMPLETED	0	3966	1	-	153.0	0.0	192049152	6003978240	58718143	7748
3003548inst1	MINIMAP_REDUNDANCY_REMOVER (3003548inst1)	COMPLETED	0	1959	8	-	331.1	0.0	54415360	5821210624	19582346	148672
assembly_graph_after_simplification	PATH_WALK (assembly_graph_after_simplification)	COMPLETED	0	4090	1	-	144.2	0.0	192090112	6004162560	58772757	70912
3000237inst1	MINIMAP_REDUNDANCY_REMOVER (3000237inst1)	COMPLETED	0	1479	8	-	278.5	0.0	53829632	829050880	17915271	135550
assembly_graph_after_simplification	PATH_WALK (assembly_graph_after_simplification)	COMPLETED	0	4190	1	-	132.5	0.0	193064960	6004060160	58812449	420014
assembly_graph_after_simplification	PATH_WALK (assembly_graph_after_simplification)	COMPLETED	0	3906	1	-	144.8	0.0	193413120	6004002816	58742697	163781
assembly_graph_after_simplification	PATH_WALK (assembly_graph_after_simplification)	COMPLETED	0	3398	1	-	147.6	0.0	188874752	6000320512	58908021	292819
assembly_graph_after_simplification	PATH_WALK (assembly_graph_after_simplification)	COMPLETED	0	4135	1	-	140.6	0.0	193269760	6004408320	59165186	25183
assembly_graph_after_simplification	PATH_WALK (assembly_graph_after_simplification)	COMPLETED	0	3916	1	-	134.0	0.0	191229952	6002647040	58808736	220779
assembly_graph_after_simplification	PATH_WALK (assembly_graph_after_simplification)	COMPLETED	0	4001	1	-	125.2	0.0	194203648	6005067776	58753858	175525
assembly_graph_after_simplification	PATH_WALK (assembly_graph_after_simplification)	COMPLETED	0	4224	1	-	139.1	0.0	193560576	6005161984	58859434	689603
assembly_graph_after_simplification	PATH_WALK (assembly_graph_after_simplification)	COMPLETED	0	4021	1	-	138.7	0.0	193421312	6005223424	58986111	139474
assembly_graph_after_simplification	PATH_WALK (assembly_graph_after_simplification)	COMPLETED	0	3765	1	-	145.3	0.0	187424768	5999161344	58765278	156608
assembly_graph_after_simplification	PATH_WALK (assembly_graph_after_simplification)	COMPLETED	0	3317	1	-	128.7	0.0	188829696	5999230976	58833988	457721
assembly_graph_after_simplification	PATH_WALK (assembly_graph_after_simplification)	COMPLETED	0	4243	1	-	116.9	0.0	190304256	6003998720	58750260	38604
assembly_graph_after_simplification	PATH_WALK (assembly_graph_after_simplification)	COMPLETED	0	4491	1	-	125.2	0.0	193425408	6004346880	58985577	875373
assembly_graph_after_simplification	PATH_WALK (assembly_graph_after_simplification)	COMPLETED	0	4092	1	-	114.6	0.0	192765952	6004084736	58831890	457693
3003063inst1	MINIMAP_REDUNDANCY_REMOVER (3003063inst1)	COMPLETED	0	1200	8	-	309.0	0.0	34275328	695001088	16779765	79843
assembly_graph_after_simplification	PATH_WALK (assembly_graph_after_simplification)	COMPLETED	0	3998	1	-	139.1	0.0	194125824	6005198848	58921351	1105753
3000198inst1	MINIMAP_REDUNDANCY_REMOVER (3000198inst1)	COMPLETED	0	1200	8	-	168.9	0.0	3747840	10215424	15814879	66006
assembly_graph_after_simplification	PATH_WALK (assembly_graph_after_simplification)	COMPLETED	0	4044	1	-	134.5	0.0	192724992	6003650560	58921324	1105732
assembly_graph_after_simplification	PATH_WALK (assembly_graph_after_simplification)	COMPLETED	0	4007	1	-	120.9	0.0	192163840	6004027392	58761898	139253
3000792inst1	MINIMAP_REDUNDANCY_REMOVER (3000792inst1)	COMPLETED	0	1133	8	-	298.8	0.0	3764224	10215424	15838086	86802
assembly_graph_after_simplification	PATH_WALK (assembly_graph_after_simplification)	COMPLETED	0	3828	1	-	149.1	0.0	193933312	6005137408	58829788	400160
assembly_graph_after_simplification	PATH_WALK (assembly_graph_after_simplification)	COMPLETED	0	4047	1	-	149.0	0.0	193282048	6004109312	58883191	1089766
assembly_graph_after_simplification	PATH_WALK (assembly_graph_after_simplification)	COMPLETED	0	4291	1	-	145.5	0.0	193142784	6005280768	59059547	792273
assembly_graph_after_simplification	PATH_WALK (assembly_graph_after_simplification)	COMPLETED	0	3710	1	-	136.8	0.0	177070080	5988675584	58885239	1089743
assembly_graph_after_simplification	PATH_WALK (assembly_graph_after_simplification)	COMPLETED	0	3631	1	-	141.1	0.0	189423616	6000345088	58911870	243939
assembly_graph_after_simplification	PATH_WALK (assembly_graph_after_simplification)	COMPLETED	0	3836	1	-	144.4	0.0	193789952	6005248000	58988801	2920392
assembly_graph_after_simplification	PATH_WALK (assembly_graph_after_simplification)	COMPLETED	0	4053	1	-	138.4	0.0	193855488	6005403648	59016571	4269567
assembly_graph_after_simplification	PATH_WALK (assembly_graph_after_simplification)	COMPLETED	0	4091	1	-	126.6	0.0	193888256	6005227520	58941053	19204
assembly_graph_after_simplification	PATH_WALK (assembly_graph_after_simplification)	COMPLETED	0	3851	1	-	127.9	0.0	194338816	6005137408	58846612	811559
assembly_graph_after_simplification	PATH_WALK (assembly_graph_after_simplification)	COMPLETED	0	4267	1	-	134.1	0.0	192815104	6004199424	58837462	726134
3002645inst1	MINIMAP_REDUNDANCY_REMOVER (3002645inst1)	COMPLETED	0	2144	8	-	544.4	0.0	143728640	846168064	24519438	218563
assembly_graph_after_simplification	PATH_WALK (assembly_graph_after_simplification)	COMPLETED	0	3760	1	-	126.5	0.0	192561152	6005424128	59014749	404148
assembly_graph_after_simplification	PATH_WALK (assembly_graph_after_simplification)	COMPLETED	0	3779	1	-	150.7	0.0	193073152	6004125696	58873322	1341271
assembly_graph_after_simplification	PATH_WALK (assembly_graph_after_simplification)	COMPLETED	0	3773	1	-	160.3	0.0	193896448	6005288960	59012729	404149
3000254inst1	MINIMAP_REDUNDANCY_REMOVER (3000254inst1)	COMPLETED	0	1047	8	-	367.8	0.0	3743744	10215424	16165945	61459
assembly_graph_after_simplification	PATH_WALK (assembly_graph_after_simplification)	COMPLETED	0	3971	1	-	138.9	0.0	194600960	6005415936	59012747	404172
3000508inst1	MINIMAP_REDUNDANCY_REMOVER (3000508inst1)	COMPLETED	0	13488	8	-	615.0	0.1	292380672	5863809024	39133950	1913763
3004038inst1	MINIMAP_REDUNDANCY_REMOVER (3004038inst1)	COMPLETED	0	1314	8	-	383.9	0.0	34590720	837742592	18821672	187689
assembly_graph_after_simplification	PATH_WALK (assembly_graph_after_simplification)	COMPLETED	0	3725	1	-	138.4	0.0	186449920	6000238592	58985380	10445502
assembly_graph_after_simplification	PATH_WALK (assembly_graph_after_simplification)	COMPLETED	0	3950	1	-	131.8	0.0	194363392	6004318208	58985301	10445422
assembly_graph_after_simplification	PATH_WALK (assembly_graph_after_simplification)	COMPLETED	0	3128	1	-	178.7	0.0	194367488	6003814400	58663797	6131
assembly_graph_after_simplification	PATH_WALK (assembly_graph_after_simplification)	COMPLETED	0	3424	1	-	153.1	0.0	187490304	5999095808	58819077	772487
3003324inst1	MINIMAP_REDUNDANCY_REMOVER (3003324inst1)	COMPLETED	0	884	8	-	384.9	0.0	3657728	10215424	15946667	72736
assembly_graph_after_simplification	PATH_WALK (assembly_graph_after_simplification)	COMPLETED	0	3500	1	-	126.4	0.0	163598336	5969330176	59089551	665588
assembly_graph_after_simplification	PATH_WALK (assembly_graph_after_simplification)	COMPLETED	0	3444	1	-	146.3	0.0	154583040	5950365696	59087517	665623
assembly_graph_after_simplification	PATH_WALK (assembly_graph_after_simplification)	COMPLETED	0	3580	1	-	166.9	0.0	191197184	6004203520	58819159	772574
assembly_graph_after_simplification	PATH_WALK (assembly_graph_after_simplification)	COMPLETED	0	2955	1	-	141.9	0.0	193007616	6004207616	58817043	772523
assembly_graph_after_simplification	PATH_WALK (assembly_graph_after_simplification)	COMPLETED	0	3416	1	-	156.4	0.0	178933760	5990858752	58920786	286326
assembly_graph_after_simplification	PATH_WALK (assembly_graph_after_simplification)	COMPLETED	0	3842	1	-	136.9	0.0	192192512	6004322304	59156655	7013415
assembly_graph_after_simplification	PATH_WALK (assembly_graph_after_simplification)	COMPLETED	0	3943	1	-	125.1	0.0	193736704	6005350400	59624135	5301739
assembly_graph_after_simplification	PATH_WALK (assembly_graph_after_simplification)	COMPLETED	0	4088	1	-	137.9	0.0	194097152	6005293056	59094114	5556513
assembly_graph_after_simplification	PATH_WALK (assembly_graph_after_simplification)	COMPLETED	0	3874	1	-	132.0	0.0	193056768	6005366784	58986735	74117
assembly_graph_after_simplification	PATH_WALK (assembly_graph_after_simplification)	COMPLETED	0	3479	1	-	171.5	0.0	189603840	6000402432	58994120	1827621
assembly_graph_after_simplification	PATH_WALK (assembly_graph_after_simplification)	COMPLETED	0	4670	1	-	135.0	0.0	194052096	6005436416	59094155	5556555
3000800inst1	MINIMAP_REDUNDANCY_REMOVER (3000800inst1)	COMPLETED	0	2153	8	-	340.7	0.0	64233472	5834567680	20603818	316081
3000565inst1	MINIMAP_REDUNDANCY_REMOVER (3000565inst1)	COMPLETED	0	1165	8	-	265.0	0.0	3768320	10215424	16431851	125861
assembly_graph_after_simplification	PATH_WALK (assembly_graph_after_simplification)	COMPLETED	0	4101	1	-	157.8	0.0	193388544	6005276672	59074861	1065809
assembly_graph_after_simplification	PATH_WALK (assembly_graph_after_simplification)	COMPLETED	0	4721	1	-	133.0	0.0	193695744	6005264384	59072032	1065020
assembly_graph_after_simplification	PATH_WALK (assembly_graph_after_simplification)	COMPLETED	0	3998	1	-	128.5	0.0	191553536	6004133888	58872481	223069
assembly_graph_after_simplification	PATH_WALK (assembly_graph_after_simplification)	COMPLETED	0	3927	1	-	117.2	0.0	194387968	6005190656	58871436	621827
assembly_graph_after_simplification	PATH_WALK (assembly_graph_after_simplification)	COMPLETED	0	4238	1	-	140.7	0.0	193024000	6004424704	59086843	4101107
assembly_graph_after_simplification	PATH_WALK (assembly_graph_after_simplification)	COMPLETED	0	3917	1	-	119.6	0.0	176992256	5988696064	58850860	11719
assembly_graph_after_simplification	PATH_WALK (assembly_graph_after_simplification)	COMPLETED	0	4688	1	-	117.2	0.0	195313664	6005501952	59111050	2752710
assembly_graph_after_simplification	PATH_WALK (assembly_graph_after_simplification)	COMPLETED	0	4106	1	-	131.8	0.0	192774144	6004224000	58823599	204387
assembly_graph_after_simplification	PATH_WALK (assembly_graph_after_simplification)	COMPLETED	0	4256	1	-	128.3	0.0	191578112	6004207616	59022789	5431244
3000794inst1	MINIMAP_REDUNDANCY_REMOVER (3000794inst1)	COMPLETED	0	1186	8	-	236.6	0.0	3747840	10215424	15838081	86802
assembly_graph_after_simplification	PATH_WALK (assembly_graph_after_simplification)	COMPLETED	0	4030	1	-	151.0	0.0	191012864	6004187136	58985325	646738
assembly_graph_after_simplification	PATH_WALK (assembly_graph_after_simplification)	COMPLETED	0	3939	1	-	129.0	0.0	193560576	6005284864	59061448	725852
assembly_graph_after_simplification	PATH_WALK (assembly_graph_after_simplification)	COMPLETED	0	3588	1	-	149.8	0.0	186929152	6000095232	58806135	76021
assembly_graph_after_simplification	PATH_WALK (assembly_graph_after_simplification)	COMPLETED	0	4299	1	-	129.3	0.0	190799872	6004330496	59115431	980611
assembly_graph_after_simplification	PATH_WALK (assembly_graph_after_simplification)	COMPLETED	0	3797	1	-	147.9	0.0	192512000	6003576832	58815715	2162054
assembly_graph_after_simplification	PATH_WALK (assembly_graph_after_simplification)	COMPLETED	0	3976	1	-	137.4	0.0	192028672	6004215808	58861161	404367
assembly_graph_after_simplification	PATH_WALK (assembly_graph_after_simplification)	COMPLETED	0	3947	1	-	139.8	0.0	193671168	6005075968	58775240	96600
3000026inst1	MINIMAP_REDUNDANCY_REMOVER (3000026inst1)	COMPLETED	0	3911	8	-	504.4	0.0	112242688	837611520	24317923	535149
3000518inst1	MINIMAP_REDUNDANCY_REMOVER (3000518inst1)	COMPLETED	0	1105	8	-	201.5	0.0	3747840	10215424	15603295	43337
assembly_graph_after_simplification	PATH_WALK (assembly_graph_after_simplification)	COMPLETED	0	4053	1	-	134.9	0.0	193085440	6004072448	58882700	85025
assembly_graph_after_simplification	PATH_WALK (assembly_graph_after_simplification)	COMPLETED	0	3802	1	-	135.9	0.0	182870016	5993992192	58890401	927806
assembly_graph_after_simplification	PATH_WALK (assembly_graph_after_simplification)	COMPLETED	0	4282	1	-	139.2	0.0	194310144	6005329920	58893347	5451
assembly_graph_after_simplification	PATH_WALK (assembly_graph_after_simplification)	COMPLETED	0	4213	1	-	133.6	0.0	191483904	6004019200	58743653	157847
assembly_graph_after_simplification	PATH_WALK (assembly_graph_after_simplification)	COMPLETED	0	3979	1	-	112.2	0.0	192524288	6004285440	58893370	5469
assembly_graph_after_simplification	PATH_WALK (assembly_graph_after_simplification)	COMPLETED	0	4204	1	-	103.2	0.0	192454656	6004219904	58985653	875443
assembly_graph_after_simplification	PATH_WALK (assembly_graph_after_simplification)	COMPLETED	0	4210	1	-	124.2	0.0	191692800	6004068352	58839452	81811
assembly_graph_after_simplification	PATH_WALK (assembly_graph_after_simplification)	COMPLETED	0	4240	1	-	137.8	0.0	193417216	6003916800	59006819	1126645
assembly_graph_after_simplification	PATH_WALK (assembly_graph_after_simplification)	COMPLETED	0	4569	1	-	103.4	0.0	191807488	6004322304	59022525	718609
assembly_graph_after_simplification	PATH_WALK (assembly_graph_after_simplification)	COMPLETED	0	3468	1	-	150.5	0.0	167763968	5981638656	58803958	149217
assembly_graph_after_simplification	PATH_WALK (assembly_graph_after_simplification)	COMPLETED	0	3808	1	-	149.3	0.0	193007616	6005198848	58746239	569525
assembly_graph_after_simplification	PATH_WALK (assembly_graph_after_simplification)	COMPLETED	0	3718	1	-	158.4	0.0	193069056	6005112832	58804136	149396
assembly_graph_after_simplification	PATH_WALK (assembly_graph_after_simplification)	COMPLETED	0	3569	1	-	144.3	0.0	180707328	5992255488	59029061	2312150
assembly_graph_after_simplification	PATH_WALK (assembly_graph_after_simplification)	COMPLETED	0	3443	1	-	157.6	0.0	185839616	6000177152	58722846	6335
3000504inst1	MINIMAP_REDUNDANCY_REMOVER (3000504inst1)	COMPLETED	0	2407	8	-	468.3	0.0	76648448	778760192	21586628	255145
3000795inst1	MINIMAP_REDUNDANCY_REMOVER (3000795inst1)	COMPLETED	0	13767	8	-	599.0	0.1	288112640	5843030016	39129832	1913783
assembly_graph_after_simplification	PATH_WALK (assembly_graph_after_simplification)	COMPLETED	0	3812	1	-	149.3	0.0	154660864	5950185472	58962372	440322
3000746inst1	MINIMAP_REDUNDANCY_REMOVER (3000746inst1)	COMPLETED	0	2841	8	-	639.2	0.0	124182528	5821222912	24319991	535149
assembly_graph_after_simplification	PATH_WALK (assembly_graph_after_simplification)	COMPLETED	0	3243	1	-	145.2	0.0	169226240	5981622272	58924963	342316
assembly_graph_after_simplification	PATH_WALK (assembly_graph_after_simplification)	COMPLETED	0	2748	1	-	163.2	0.0	193605632	6005465088	59214600	1801046
3000793inst1	MINIMAP_REDUNDANCY_REMOVER (3000793inst1)	COMPLETED	0	741	8	-	599.1	0.0	3719168	10215424	15836016	86802
3000027inst1	MINIMAP_REDUNDANCY_REMOVER (3000027inst1)	COMPLETED	0	1012	8	-	571.3	0.0	40779776	837476352	17483478	102908
assembly_graph_after_simplification	PATH_WALK (assembly_graph_after_simplification)	COMPLETED	0	2373	1	-	265.5	0.0	194015232	6005198848	58769591	93616
3000804inst1	MINIMAP_REDUNDANCY_REMOVER (3000804inst1)	COMPLETED	0	1627	8	-	455.6	0.0	25088000	837611520	20066409	194601
3000802inst1	MINIMAP_REDUNDANCY_REMOVER (3000802inst1)	COMPLETED	0	2091	8	-	345.0	0.0	15896576	837611520	20607958	316081
3000807inst1	MINIMAP_REDUNDANCY_REMOVER (3000807inst1)	COMPLETED	0	1572	8	-	553.4	0.0	69296128	5840314368	23967485	458630
3000809inst1	MINIMAP_REDUNDANCY_REMOVER (3000809inst1)	COMPLETED	0	1604	8	-	615.9	0.0	67444736	5838163968	23821477	435257
3000815inst1	MINIMAP_REDUNDANCY_REMOVER (3000815inst1)	COMPLETED	0	653	8	-	717.6	0.0	3747840	10215424	15385923	44144
3000491inst1	MINIMAP_REDUNDANCY_REMOVER (3000491inst1)	COMPLETED	0	11	8	-	160.0	0.0	0	0	305356	276
3000806inst1	MINIMAP_REDUNDANCY_REMOVER (3000806inst1)	COMPLETED	0	1559	8	-	608.1	0.0	71634944	5844824064	23967485	458630
3000300inst1	MINIMAP_REDUNDANCY_REMOVER (3000300inst1)	COMPLETED	0	1027	8	-	571.8	0.0	33464320	837476352	18090035	109593
3000801inst1	MINIMAP_REDUNDANCY_REMOVER (3000801inst1)	COMPLETED	0	1277	8	-	568.3	0.0	32907264	837611520	20607952	316081
3000803inst1	MINIMAP_REDUNDANCY_REMOVER (3000803inst1)	COMPLETED	0	1196	8	-	653.7	0.0	30625792	778895360	19952554	194305
3000826inst1	MINIMAP_REDUNDANCY_REMOVER (3000826inst1)	COMPLETED	0	1874	8	-	350.7	0.0	33058816	778895360	19872593	211763
3000676inst1	MINIMAP_REDUNDANCY_REMOVER (3000676inst1)	COMPLETED	0	2977	8	-	577.1	0.0	80510976	5840183296	23615618	884589
3000791inst1	MINIMAP_REDUNDANCY_REMOVER (3000791inst1)	COMPLETED	0	1793	8	-	603.2	0.0	33996800	5785825280	21584559	255145
3000805inst1	MINIMAP_REDUNDANCY_REMOVER (3000805inst1)	COMPLETED	0	1130	8	-	521.1	0.0	27353088	778895360	19328189	179468
3000378inst1	MINIMAP_REDUNDANCY_REMOVER (3000378inst1)	COMPLETED	0	1067	8	-	435.3	0.0	33456128	779026432	18542724	177805
3000823inst1	MINIMAP_REDUNDANCY_REMOVER (3000823inst1)	COMPLETED	0	1327	8	-	549.0	0.0	36409344	837611520	20144927	258055
3000833inst1	MINIMAP_REDUNDANCY_REMOVER (3000833inst1)	COMPLETED	0	833	8	-	526.5	0.0	3706880	10215424	16161804	61459
3003843inst1	MINIMAP_REDUNDANCY_REMOVER (3003843inst1)	COMPLETED	0	13	8	-	118.8	0.0	0	0	185549	276
3001216inst1	MINIMAP_REDUNDANCY_REMOVER (3001216inst1)	COMPLETED	0	748	8	-	600.1	0.0	32280576	837476352	16340987	55312
3000839inst1	MINIMAP_REDUNDANCY_REMOVER (3000839inst1)	COMPLETED	0	1028	8	-	460.9	0.0	40275968	778760192	16804659	78910
3000830inst1	MINIMAP_REDUNDANCY_REMOVER (3000830inst1)	COMPLETED	0	1092	8	-	450.4	0.0	37888000	778760192	17219578	142066
3001327inst1	MINIMAP_REDUNDANCY_REMOVER (3001327inst1)	COMPLETED	0	1399	8	-	353.4	0.0	31739904	778760192	16931606	125130
3000796inst1	MINIMAP_REDUNDANCY_REMOVER (3000796inst1)	COMPLETED	0	9144	8	-	631.1	0.1	287830016	5863677952	39133958	1913769
3000832inst1	MINIMAP_REDUNDANCY_REMOVER (3000832inst1)	COMPLETED	0	784	8	-	655.2	0.0	3743744	10215424	16165943	61459
3000808inst1	MINIMAP_REDUNDANCY_REMOVER (3000808inst1)	COMPLETED	0	786	8	-	634.5	0.0	3784704	10215424	16076660	114559
3001214inst1	MINIMAP_REDUNDANCY_REMOVER (3001214inst1)	COMPLETED	0	728	8	-	744.4	0.0	43880448	837476352	16885585	79664
3000838inst1	MINIMAP_REDUNDANCY_REMOVER (3000838inst1)	COMPLETED	0	807	8	-	681.7	0.0	39796736	837476352	16806734	78910
3002623inst1	MINIMAP_REDUNDANCY_REMOVER (3002623inst1)	COMPLETED	0	11	8	-	126.3	0.0	0	0	182644	276
3001329inst1	MINIMAP_REDUNDANCY_REMOVER (3001329inst1)	COMPLETED	0	1100	8	-	593.9	0.0	42131456	829083648	18155913	299727
3001328inst1	MINIMAP_REDUNDANCY_REMOVER (3001328inst1)	COMPLETED	0	965	8	-	639.6	0.0	27992064	837476352	17552672	120425
3002813inst1	MINIMAP_REDUNDANCY_REMOVER (3002813inst1)	COMPLETED	0	724	8	-	669.2	0.0	3735552	10215424	15377964	46846
3002865inst1	MINIMAP_REDUNDANCY_REMOVER (3002865inst1)	COMPLETED	0	856	8	-	641.1	0.0	40136704	837476352	16804664	78910
3002926inst1	MINIMAP_REDUNDANCY_REMOVER (3002926inst1)	COMPLETED	0	726	8	-	692.9	0.0	3768320	10215424	15770597	40513
3003007inst1	MINIMAP_REDUNDANCY_REMOVER (3003007inst1)	COMPLETED	0	677	8	-	701.6	0.0	3784704	10215424	16349567	93218
3002679inst1	MINIMAP_REDUNDANCY_REMOVER (3002679inst1)	COMPLETED	0	16	8	-	177.0	0.0	0	0	219177	276
3002986inst1	MINIMAP_REDUNDANCY_REMOVER (3002986inst1)	COMPLETED	0	709	8	-	703.8	0.0	3719168	10215424	16001274	47696
3002875inst1	MINIMAP_REDUNDANCY_REMOVER (3002875inst1)	COMPLETED	0	835	8	-	598.9	0.0	3764224	10215424	15819652	44813
3002985inst1	MINIMAP_REDUNDANCY_REMOVER (3002985inst1)	COMPLETED	0	786	8	-	637.5	0.0	31604736	837742592	17994484	157040
3002571inst1	MINIMAP_REDUNDANCY_REMOVER (3002571inst1)	COMPLETED	0	736	8	-	478.5	0.0	3747840	10215424	15737737	80417
3003006inst1	MINIMAP_REDUNDANCY_REMOVER (3003006inst1)	COMPLETED	0	701	8	-	690.6	0.0	3743744	10215424	15736160	42359
3003030inst1	MINIMAP_REDUNDANCY_REMOVER (3003030inst1)	COMPLETED	0	938	8	-	576.7	0.0	28884992	695001088	17010555	119576
3002877inst1	MINIMAP_REDUNDANCY_REMOVER (3002877inst1)	COMPLETED	0	669	8	-	689.8	0.0	3784704	10215424	15234287	26331
3005068inst1	MINIMAP_REDUNDANCY_REMOVER (3005068inst1)	COMPLETED	0	975	8	-	599.8	0.0	28446720	896294912	18974407	275670
3003031inst1	MINIMAP_REDUNDANCY_REMOVER (3003031inst1)	COMPLETED	0	757	8	-	685.9	0.0	33538048	695001088	17010556	119576
3003059inst1	MINIMAP_REDUNDANCY_REMOVER (3003059inst1)	COMPLETED	0	763	8	-	318.3	0.0	3768320	10215424	15671844	40028
3003033inst1	MINIMAP_REDUNDANCY_REMOVER (3003033inst1)	COMPLETED	0	1250	8	-	442.1	0.0	28971008	837611520	19718891	200849
3003034inst1	MINIMAP_REDUNDANCY_REMOVER (3003034inst1)	COMPLETED	0	1241	8	-	356.8	0.0	30052352	837611520	19714747	200849
3003064inst1	MINIMAP_REDUNDANCY_REMOVER (3003064inst1)	COMPLETED	0	761	8	-	681.7	0.0	35168256	695001088	16779759	79843
3003048inst1	MINIMAP_REDUNDANCY_REMOVER (3003048inst1)	COMPLETED	0	1211	8	-	460.7	0.0	30543872	837611520	18351049	108221
3003550inst1	MINIMAP_REDUNDANCY_REMOVER (3003550inst1)	COMPLETED	0	1262	8	-	637.2	0.0	31100928	837611520	19580275	148672
3003549inst1	MINIMAP_REDUNDANCY_REMOVER (3003549inst1)	COMPLETED	0	1321	8	-	454.6	0.0	32911360	837611520	19578205	148672
3003578inst1	MINIMAP_REDUNDANCY_REMOVER (3003578inst1)	COMPLETED	0	699	8	-	706.0	0.0	3768320	10215424	16116033	93895
3003577inst1	MINIMAP_REDUNDANCY_REMOVER (3003577inst1)	COMPLETED	0	13	8	-	145.5	0.0	0	0	204771	276
3003643inst1	MINIMAP_REDUNDANCY_REMOVER (3003643inst1)	COMPLETED	0	1003	8	-	504.4	0.0	33800192	778895360	18423341	139851
3003551inst1	MINIMAP_REDUNDANCY_REMOVER (3003551inst1)	COMPLETED	0	1126	8	-	509.8	0.0	26927104	778760192	18124932	142134
3003576inst1	MINIMAP_REDUNDANCY_REMOVER (3003576inst1)	COMPLETED	0	3060	8	-	654.4	0.0	198643712	778862592	27221911	503534
3003680inst1	MINIMAP_REDUNDANCY_REMOVER (3003680inst1)	COMPLETED	0	773	8	-	593.3	0.0	24707072	695099392	16860657	153249
3003583inst1	MINIMAP_REDUNDANCY_REMOVER (3003583inst1)	COMPLETED	0	3747	8	-	718.7	0.0	204890112	5839134720	32706091	547387
3003682inst1	MINIMAP_REDUNDANCY_REMOVER (3003682inst1)	COMPLETED	0	1125	8	-	619.6	0.0	38150144	837742592	20618921	170572
3003679inst1	MINIMAP_REDUNDANCY_REMOVER (3003679inst1)	COMPLETED	0	768	8	-	665.6	0.0	25141248	818831360	16858582	153249
3003681inst1	MINIMAP_REDUNDANCY_REMOVER (3003681inst1)	COMPLETED	0	729	8	-	706.3	0.0	25866240	669954048	16856517	153249
3003770inst1	MINIMAP_REDUNDANCY_REMOVER (3003770inst1)	COMPLETED	0	14	8	-	111.1	0.0	0	0	180865	276
3003698inst1	MINIMAP_REDUNDANCY_REMOVER (3003698inst1)	COMPLETED	0	973	8	-	516.1	0.0	33730560	837611520	18269901	119475
3003704inst1	MINIMAP_REDUNDANCY_REMOVER (3003704inst1)	COMPLETED	0	964	8	-	458.9	0.0	29876224	703393792	17989140	216869
3003705inst1	MINIMAP_REDUNDANCY_REMOVER (3003705inst1)	COMPLETED	0	949	8	-	461.2	0.0	31858688	703393792	17985000	216869
3003699inst1	MINIMAP_REDUNDANCY_REMOVER (3003699inst1)	COMPLETED	0	988	8	-	511.3	0.0	34492416	778895360	18269906	119475
3003700inst1	MINIMAP_REDUNDANCY_REMOVER (3003700inst1)	COMPLETED	0	959	8	-	516.5	0.0	35217408	778895360	18265765	119475
3003841inst1	MINIMAP_REDUNDANCY_REMOVER (3003841inst1)	COMPLETED	0	880	8	-	462.7	0.0	31576064	837476352	16270415	56112
3003801inst1	MINIMAP_REDUNDANCY_REMOVER (3003801inst1)	COMPLETED	0	12908	8	-	686.6	0.0	251695104	778862592	45424154	2026610
3003838inst1	MINIMAP_REDUNDANCY_REMOVER (3003838inst1)	COMPLETED	0	12746	8	-	657.1	0.1	288215040	778862592	39131879	1913761
3003693inst1	MINIMAP_REDUNDANCY_REMOVER (3003693inst1)	COMPLETED	0	22042	8	-	748.2	0.2	904654848	5839130624	58435247	1553530
3003692inst1	MINIMAP_REDUNDANCY_REMOVER (3003692inst1)	COMPLETED	0	22676	8	-	742.8	0.2	911769600	1382973440	58431107	1553530
3003950inst1	MINIMAP_REDUNDANCY_REMOVER (3003950inst1)	COMPLETED	0	727	8	-	561.8	0.0	3739648	10215424	15410991	37844
3003952inst1	MINIMAP_REDUNDANCY_REMOVER (3003952inst1)	COMPLETED	0	1657	8	-	611.1	0.0	46256128	5811683328	22545774	201249
3004042inst1	MINIMAP_REDUNDANCY_REMOVER (3004042inst1)	COMPLETED	0	1585	8	-	418.3	0.0	25657344	837476352	20067935	448898
3004043inst1	MINIMAP_REDUNDANCY_REMOVER (3004043inst1)	COMPLETED	0	1521	8	-	411.5	0.0	19501056	837476352	20067929	448898
3004075inst1	MINIMAP_REDUNDANCY_REMOVER (3004075inst1)	COMPLETED	0	807	8	-	449.7	0.0	3719168	10215424	16009256	68173
3004072inst1	MINIMAP_REDUNDANCY_REMOVER (3004072inst1)	COMPLETED	0	962	8	-	452.3	0.0	30371840	837611520	17750900	173923
3004074inst1	MINIMAP_REDUNDANCY_REMOVER (3004074inst1)	COMPLETED	0	16	8	-	112.7	0.0	0	0	190141	276
3004054inst1	MINIMAP_REDUNDANCY_REMOVER (3004054inst1)	COMPLETED	0	3937	8	-	643.6	0.0	201465856	5823795200	31992034	475541
3004073inst1	MINIMAP_REDUNDANCY_REMOVER (3004073inst1)	COMPLETED	0	1028	8	-	324.6	0.0	3784704	10215424	15994871	104002
3004047inst1	MINIMAP_REDUNDANCY_REMOVER (3004047inst1)	COMPLETED	0	4767	8	-	649.3	0.0	154783744	778862592	26736733	650105
3004107inst1	MINIMAP_REDUNDANCY_REMOVER (3004107inst1)	COMPLETED	0	1123	8	-	391.0	0.0	30322688	778895360	17855403	193049
3003948inst1	MINIMAP_REDUNDANCY_REMOVER (3003948inst1)	COMPLETED	0	19132	8	-	742.2	0.1	276332544	778727424	40566446	3122903
3004290inst1	MINIMAP_REDUNDANCY_REMOVER (3004290inst1)	COMPLETED	0	1236	8	-	414.8	0.0	36913152	837476352	18144452	152231
3004476inst1	MINIMAP_REDUNDANCY_REMOVER (3004476inst1)	COMPLETED	0	755	8	-	518.7	0.0	3719168	10215424	15413939	45086
3003949inst1	MINIMAP_REDUNDANCY_REMOVER (3003949inst1)	COMPLETED	0	18984	8	-	741.0	0.1	276119552	711618560	40564287	3125447
3004056inst1	MINIMAP_REDUNDANCY_REMOVER (3004056inst1)	COMPLETED	0	6576	8	-	706.4	0.1	542359552	1114537984	37225635	504248
3004077inst1	MINIMAP_REDUNDANCY_REMOVER (3004077inst1)	COMPLETED	0	1024	8	-	502.0	0.0	28049408	837742592	19466615	359224
3004651inst1	MINIMAP_REDUNDANCY_REMOVER (3004651inst1)	COMPLETED	0	853	8	-	533.5	0.0	35434496	778760192	16811834	102005
3004541inst1	MINIMAP_REDUNDANCY_REMOVER (3004541inst1)	COMPLETED	0	703	8	-	586.3	0.0	3780608	10215424	15502186	48354
3004661inst1	MINIMAP_REDUNDANCY_REMOVER (3004661inst1)	COMPLETED	0	2631	8	-	720.0	0.0	139223040	5834698752	24049359	442306
3005044inst1	MINIMAP_REDUNDANCY_REMOVER (3005044inst1)	COMPLETED	0	705	8	-	669.7	0.0	3735552	10215424	15478111	35581
3005063inst1	MINIMAP_REDUNDANCY_REMOVER (3005063inst1)	COMPLETED	0	15	8	-	124.0	0.0	0	0	179780	276
3005040inst1	MINIMAP_REDUNDANCY_REMOVER (3005040inst1)	COMPLETED	0	955	8	-	644.6	0.0	34512896	837611520	18890571	136348
3005064inst1	MINIMAP_REDUNDANCY_REMOVER (3005064inst1)	COMPLETED	0	18	8	-	118.5	0.0	0	0	177710	276
3004667inst1	MINIMAP_REDUNDANCY_REMOVER (3004667inst1)	COMPLETED	0	684	8	-	707.8	0.0	3768320	10215424	15725286	47097
3004572inst1	MINIMAP_REDUNDANCY_REMOVER (3004572inst1)	COMPLETED	0	707	8	-	679.3	0.0	3784704	10215424	15436161	48640
3005067inst1	MINIMAP_REDUNDANCY_REMOVER (3005067inst1)	COMPLETED	0	1113	8	-	541.4	0.0	32796672	837611520	18976478	275670
3005047inst1	MINIMAP_REDUNDANCY_REMOVER (3005047inst1)	COMPLETED	0	1123	8	-	644.3	0.0	37265408	778895360	19802042	223796
3005059inst1	MINIMAP_REDUNDANCY_REMOVER (3005059inst1)	COMPLETED	0	1100	8	-	598.9	0.0	39985152	837476352	18277681	221740
3007013inst1	MINIMAP_REDUNDANCY_REMOVER (3007013inst1)	COMPLETED	0	668	8	-	629.2	0.0	3760128	10215424	15711850	52853
3007010inst1	MINIMAP_REDUNDANCY_REMOVER (3007010inst1)	COMPLETED	0	1004	8	-	665.2	0.0	42950656	837476352	17527107	155840
3007012inst1	MINIMAP_REDUNDANCY_REMOVER (3007012inst1)	COMPLETED	0	661	8	-	725.4	0.0	3784704	10215424	15711850	52853
3007015inst1	MINIMAP_REDUNDANCY_REMOVER (3007015inst1)	COMPLETED	0	738	8	-	537.0	0.0	3784704	10215424	15100903	6293
3007678inst1	MINIMAP_REDUNDANCY_REMOVER (3007678inst1)	COMPLETED	0	945	8	-	578.5	0.0	36638720	837476352	17162482	184863
3006800inst1	MINIMAP_REDUNDANCY_REMOVER (3006800inst1)	COMPLETED	0	1568	8	-	682.6	0.0	59854848	5828775936	24521507	218563
3007682inst1	MINIMAP_REDUNDANCY_REMOVER (3007682inst1)	COMPLETED	0	725	8	-	724.7	0.0	3764224	10215424	16561187	117747
3008823inst1	MINIMAP_REDUNDANCY_REMOVER (3008823inst1)	COMPLETED	0	680	8	-	713.6	0.0	3760128	10215424	15489893	35252
3005069inst1	MINIMAP_REDUNDANCY_REMOVER (3005069inst1)	COMPLETED	0	1287	8	-	635.9	0.0	15372288	695099392	22832787	434515
ERR2984773_fastp_out_R	BWAMEM2 (ERR2984773_fastp_out_R)	COMPLETED	0	172651	16	-	976.5	1.3	6931415040	29947006976	14582780553	8490886111
ERR2984773_fastp_out_R	BAM_FILTER (ERR2984773_fastp_out_R)	COMPLETED	0	156215	1	-	149.8	0.0	185974784	6703259648	12028247327	321466778
ERR2984773_fastp_out_R	PATH_READ_ALN_FILTER (ERR2984773_fastp_out_R)	COMPLETED	0	6596	1	-	95.3	0.0	25059328	5783470080	74336835	28848669
ERR2984773_fastp_out_R	MINIMAP_TRIM_PATHS (ERR2984773_fastp_out_R)	COMPLETED	0	1832	16	-	584.5	0.0	89591808	5869432832	269215739	11067349
