ARO	tax_ID_names	path_length	dataset	path_id
3000026inst1		24621.0	Simulated Soil	3000026inst1_gene_seq
3000090inst1		890.0	Simulated Soil	3000090inst1_gene_seq
3000124inst1	root,cellular organisms,Bacteria,Bacillati,Bacillota,Bacilli,Bacillales,Staphylococcaceae,Staphylococcus,Staphylococcus cohnii species complex,Staphylococcus cohnii	25833.0	Simulated Soil	3000124inst1_path_4
3000165inst1	root,cellular organisms,Bacteria,Pseudomonadati,Pseudomonadota,Gammaproteobacteria,Pseudomonadales,Pseudomonadaceae,Pseudomonas,Pseudomonas aeruginosa group,Pseudomonas aeruginosa	32328.0	Simulated Soil	3000165inst1_path_123
3000167inst1		2404.0	Simulated Soil	3000167inst1_gene_seq
3000174inst1		2717.0	Simulated Soil	3000174inst1_gene_seq
3000190inst1		5188.0	Simulated Soil	3000190inst1_gene_seq
3000215inst1	root,cellular organisms,Bacteria,Bacillati,Bacillota,Bacilli,Bacillales,Staphylococcaceae,Staphylococcus,Staphylococcus cohnii species complex,Staphylococcus cohnii	25833.0	Simulated Soil	3000215inst1_path_4
3000230inst1	root,cellular organisms,Bacteria,Pseudomonadati,Pseudomonadota,Gammaproteobacteria,Enterobacterales,Enterobacteriaceae,Escherichia,Escherichia coli	4064.0	Simulated Soil	3000230inst1_path_2_trimmed
3000245inst1		474.0	Simulated Soil	3000245inst1_gene_seq
3000245inst2	root,cellular organisms,Bacteria,Bacillati,Actinomycetota,Actinomycetes,Mycobacteriales,Mycobacteriaceae,Mycobacterium,Mycobacterium tuberculosis complex,Mycobacterium canetti	8008.0	Simulated Soil	3000245inst2_path_2
3000251inst1		26009.0	Simulated Soil	3000251inst1_gene_seq
3000263inst1		673.0	Simulated Soil	3000263inst1_gene_seq
3000316inst1	root,cellular organisms,Bacteria	5067.0	Simulated Soil	3000316inst1_path_100
3000316inst1	root,cellular organisms,Bacteria,Pseudomonadati,Pseudomonadota,Alphaproteobacteria,Sphingomonadales	7553.0	Simulated Soil	3000316inst1_path_1
3000316inst1	root,cellular organisms,Bacteria,Pseudomonadati,Pseudomonadota,Alphaproteobacteria,Sphingomonadales,Sphingobiaceae,Sphingobium,unclassified Sphingobium,Sphingobium sp. MI1205	6786.0	Simulated Soil	3000316inst1_path_357
3000316inst1	root,cellular organisms,Bacteria,Pseudomonadati,Pseudomonadota,Alphaproteobacteria,Sphingomonadales,Sphingomonadaceae,Sphingomonas,Sphingomonas bisphenolicum	8218.0	Simulated Soil	3000316inst1_path_239
3000316inst1	root,cellular organisms,Bacteria,Pseudomonadati,Pseudomonadota,Alphaproteobacteria,Sphingomonadales,Sphingopyxidaceae,Sphingopyxis,Sphingopyxis lindanitolerans	6247.5	Simulated Soil	3000316inst1_path_493
3000316inst1	root,cellular organisms,Bacteria,Pseudomonadati,Pseudomonadota,Gammaproteobacteria,Enterobacterales	8403.0	Simulated Soil	3000316inst1_path_129
3000316inst1	root,cellular organisms,Bacteria,Pseudomonadati,Pseudomonadota,Gammaproteobacteria,Enterobacterales,Enterobacteriaceae	6133.0	Simulated Soil	3000316inst1_path_101
3000316inst1	root,cellular organisms,Bacteria,Pseudomonadati,Pseudomonadota,Gammaproteobacteria,Enterobacterales,Enterobacteriaceae,Citrobacter,Citrobacter europaeus	13381.0	Simulated Soil	3000316inst1_path_198
3000316inst1	root,cellular organisms,Bacteria,Pseudomonadati,Pseudomonadota,Gammaproteobacteria,Enterobacterales,Enterobacteriaceae,Escherichia,Escherichia coli	6879.0	Simulated Soil	3000316inst1_path_109
3000316inst1	root,cellular organisms,Bacteria,Pseudomonadati,Pseudomonadota,Gammaproteobacteria,Enterobacterales,Enterobacteriaceae,Klebsiella	5947.0	Simulated Soil	3000316inst1_path_280_trimmed
3000316inst1	root,cellular organisms,Bacteria,Pseudomonadati,Pseudomonadota,Gammaproteobacteria,Enterobacterales,Enterobacteriaceae,Klebsiella,Klebsiella pneumoniae complex,Klebsiella pneumoniae	11992.0	Simulated Soil	3000316inst1_path_103
3000316inst1	root,cellular organisms,Bacteria,Pseudomonadati,Pseudomonadota,Gammaproteobacteria,Enterobacterales,Enterobacteriaceae,Klebsiella/Raoultella group	7884.5	Simulated Soil	3000316inst1_path_115
3000316inst1	root,cellular organisms,Bacteria,Pseudomonadati,Pseudomonadota,Gammaproteobacteria,Pseudomonadales,Pseudomonadaceae,Ectopseudomonas,Ectopseudomonas mendocina	11039.5	Simulated Soil	3000316inst1_path_117
3000316inst1	root,cellular organisms,Bacteria,Pseudomonadati,Pseudomonadota,Gammaproteobacteria,Pseudomonadales,Pseudomonadaceae,Pseudomonas	7248.0	Simulated Soil	3000316inst1_path_116
3000326inst1		1059.0	Simulated Soil	3000326inst1_gene_seq
3000343inst1		1764.0	Simulated Soil	3000343inst1_gene_seq
3000375inst1		1133.0	Simulated Soil	3000375inst1_gene_seq
3000378inst1		1579.0	Simulated Soil	3000378inst1_path_1
3000391inst1		11690.0	Simulated Soil	3000391inst1_gene_seq
3000392inst1		30120.0	Simulated Soil	3000392inst1_gene_seq
3000410inst1	root,cellular organisms,Bacteria	2843.0	Simulated Soil	3000410inst1_path_100
3000410inst1	root,cellular organisms,Bacteria,Pseudomonadati,Pseudomonadota	3200.5	Simulated Soil	3000410inst1_path_106
3000410inst1	root,cellular organisms,Bacteria,Pseudomonadati,Pseudomonadota,Alphaproteobacteria,Sphingomonadales,Sphingomonadaceae,Sphingomonas,unclassified Sphingomonas,Sphingomonas sp. FARSPH	6590.5	Simulated Soil	3000410inst1_path_121
3000410inst1	root,cellular organisms,Bacteria,Pseudomonadati,Pseudomonadota,Gammaproteobacteria	5633.0	Simulated Soil	3000410inst1_path_10
3000410inst1	root,cellular organisms,Bacteria,Pseudomonadati,Pseudomonadota,Gammaproteobacteria,Aeromonadales,Aeromonadaceae,Aeromonas,unclassified Aeromonas,Aeromonas sp. 2692-1	7714.0	Simulated Soil	3000410inst1_path_154
3000410inst1	root,cellular organisms,Bacteria,Pseudomonadati,Pseudomonadota,Gammaproteobacteria,Enterobacterales,Enterobacteriaceae	9336.0	Simulated Soil	3000410inst1_path_21
3000410inst1	root,cellular organisms,Bacteria,Pseudomonadati,Pseudomonadota,Gammaproteobacteria,Enterobacterales,Enterobacteriaceae,Enterobacter	15803.0	Simulated Soil	3000410inst1_path_124
3000410inst1	root,cellular organisms,Bacteria,Pseudomonadati,Pseudomonadota,Gammaproteobacteria,Enterobacterales,Enterobacteriaceae,Escherichia,Escherichia coli	3449.0	Simulated Soil	3000410inst1_path_73_trimmed
3000410inst1	root,cellular organisms,Bacteria,Pseudomonadati,Pseudomonadota,Gammaproteobacteria,Enterobacterales,Enterobacteriaceae,Klebsiella,Klebsiella pneumoniae complex,Klebsiella pneumoniae	16330.0	Simulated Soil	3000410inst1_path_63
3000410inst1	root,cellular organisms,Bacteria,Pseudomonadati,Pseudomonadota,Gammaproteobacteria,Pseudomonadales,Pseudomonadaceae	4437.0	Simulated Soil	3000410inst1_path_94
3000410inst1	root,cellular organisms,Bacteria,Pseudomonadati,Pseudomonadota,Gammaproteobacteria,Pseudomonadales,Pseudomonadaceae,Pseudomonas	7154.0	Simulated Soil	3000410inst1_path_83
3000412inst1	root,cellular organisms,Bacteria,Pseudomonadati,Pseudomonadota	6894.0	Simulated Soil	3000412inst1_path_107
3000412inst1	root,cellular organisms,Bacteria,Pseudomonadati,Pseudomonadota,Alphaproteobacteria,Hyphomicrobiales,Xanthobacteraceae,Xanthobacter,Xanthobacter dioxanivorans	10087.0	Simulated Soil	3000412inst1_path_220
3000412inst1	root,cellular organisms,Bacteria,Pseudomonadati,Pseudomonadota,Alphaproteobacteria,Rhodobacterales,Paracoccaceae,Frigidibacter,Frigidibacter mobilis	16359.0	Simulated Soil	3000412inst1_path_396
3000412inst1	root,cellular organisms,Bacteria,Pseudomonadati,Pseudomonadota,Alphaproteobacteria,Rhodobacterales,Paracoccaceae,Tabrizicola,Tabrizicola piscis	7329.0	Simulated Soil	3000412inst1_path_252
3000412inst1	root,cellular organisms,Bacteria,Pseudomonadati,Pseudomonadota,Alphaproteobacteria,Rhodobacterales,Rhodobacter group,Rhodobacter,Rhodobacter xanthinilyticus	9755.0	Simulated Soil	3000412inst1_path_112
3000412inst1	root,cellular organisms,Bacteria,Pseudomonadati,Pseudomonadota,Alphaproteobacteria,Sphingomonadales	7337.0	Simulated Soil	3000412inst1_path_82
3000412inst1	root,cellular organisms,Bacteria,Pseudomonadati,Pseudomonadota,Alphaproteobacteria,Sphingomonadales,Sphingomonadaceae,Sphingomonas,unclassified Sphingomonas,Sphingomonas sp. IC081	6314.0	Simulated Soil	3000412inst1_path_438
3000412inst1	root,cellular organisms,Bacteria,Pseudomonadati,Pseudomonadota,Gammaproteobacteria,Enterobacterales,Enterobacteriaceae	4955.0	Simulated Soil	3000412inst1_path_360
3000412inst1	root,cellular organisms,Bacteria,Pseudomonadati,Pseudomonadota,Gammaproteobacteria,Enterobacterales,Enterobacteriaceae,Escherichia,Escherichia coli	10875.0	Simulated Soil	3000412inst1_path_149
3000412inst1	root,cellular organisms,Bacteria,Pseudomonadati,Pseudomonadota,Gammaproteobacteria,Lysobacterales,Lysobacteraceae,Xanthomonas,Xanthomonas euvesicatoria	3742.0	Simulated Soil	3000412inst1_path_19_trimmed
3000413inst1	root,cellular organisms,Bacteria,Pseudomonadati,Pseudomonadota,Gammaproteobacteria,Enterobacterales,Enterobacteriaceae,Escherichia,Escherichia coli	8671.0	Simulated Soil	3000413inst1_path_60_trimmed
3000444inst1		8335.0	Simulated Soil	3000444inst1_gene_seq
3000462inst1		638.0	Simulated Soil	3000462inst1_gene_seq
3000463inst1		2366.0	Simulated Soil	3000463inst1_gene_seq
3000478inst1		7079.0	Simulated Soil	3000478inst1_gene_seq
3000501inst1	root,cellular organisms,Bacteria,Bacillati,Actinomycetota,Actinomycetes,Micromonosporales,Micromonosporaceae,Micromonospora,unclassified Micromonospora,Micromonospora sp. WMMA1947	5817.0	Simulated Soil	3000501inst1_path_65
3000502inst1		10373.0	Simulated Soil	3000502inst1_gene_seq
3000565inst1		29719.0	Simulated Soil	3000565inst1_gene_seq
3000566inst1		1053.0	Simulated Soil	3000566inst1_gene_seq
3000567inst1		6396.0	Simulated Soil	3000567inst1_gene_seq
3000582inst1		490.0	Simulated Soil	3000582inst1_gene_seq
3000589inst1	root,cellular organisms,Bacteria,Pseudomonadati,Pseudomonadota,Gammaproteobacteria,Pseudomonadales,Pseudomonadaceae,Pseudomonas,Pseudomonas aeruginosa group,Pseudomonas aeruginosa	5390.0	Simulated Soil	3000589inst1_path_10_trimmed
3000596inst1	root,cellular organisms,Bacteria,Bacillati,Actinomycetota,Actinomycetes,Mycobacteriales,Corynebacteriaceae,Corynebacterium,Corynebacterium urealyticum	7859.0	Simulated Soil	3000596inst1_path_38
3000605inst1		3654.0	Simulated Soil	3000605inst1_gene_seq
3000616inst1		667.0	Simulated Soil	3000616inst1_gene_seq
3000617inst1	root,cellular organisms,Bacteria,Bacillati,Bacillota,Bacilli,Bacillales,Staphylococcaceae,Staphylococcus,Staphylococcus cohnii species complex,Staphylococcus cohnii	25833.0	Simulated Soil	3000617inst1_path_4
3000676inst1		2992.0	Simulated Soil	3000676inst1_gene_seq
3000746inst1		24621.0	Simulated Soil	3000746inst1_gene_seq
3000800inst1		93286.0	Simulated Soil	3000800inst1_gene_seq
3000801inst1		93286.0	Simulated Soil	3000801inst1_gene_seq
3000803inst1		827.0	Simulated Soil	3000803inst1_gene_seq
3000804inst1		4779.0	Simulated Soil	3000804inst1_gene_seq
3000806inst1		897.0	Simulated Soil	3000806inst1_gene_seq
3000815inst1		95749.0	Simulated Soil	3000815inst1_gene_seq
3000823inst1		555.0	Simulated Soil	3000823inst1_gene_seq
3000830inst1		1006.0	Simulated Soil	3000830inst1_gene_seq
3000838inst1	root,cellular organisms,Bacteria,Bacillati,Bacillota,Bacilli,Bacillales,Staphylococcaceae,Staphylococcus,Staphylococcus aureus	66369.0	Simulated Soil	3000838inst1_path_194_trimmed
3000839inst1	root,cellular organisms,Bacteria,Bacillati,Bacillota,Bacilli,Bacillales,Staphylococcaceae,Staphylococcus,Staphylococcus aureus	66369.0	Simulated Soil	3000839inst1_path_194_trimmed
3000855inst1		857.0	Simulated Soil	3000855inst1_gene_seq
3000856inst1		926.0	Simulated Soil	3000856inst1_gene_seq
3000858inst1	root,cellular organisms,Bacteria,Pseudomonadati,Pseudomonadota,Gammaproteobacteria,Enterobacterales,Enterobacteriaceae,Klebsiella,Klebsiella pneumoniae complex,Klebsiella pneumoniae	8591.0	Simulated Soil	3000858inst1_path_80_trimmed
3000873inst1	root,cellular organisms,Bacteria,Pseudomonadati,PVC group,Verrucomicrobiota,Opitutia,Puniceicoccales,Cerasicoccaceae,Ruficoccus,unclassified Ruficoccus,Ruficoccus sp. ZRK36	7895.0	Simulated Soil	3000873inst1_path_85
3000873inst1	root,cellular organisms,Bacteria,Pseudomonadati,Pseudomonadota,Alphaproteobacteria,Rhodobacterales	5796.0	Simulated Soil	3000873inst1_path_18
3000873inst1	root,cellular organisms,Bacteria,Pseudomonadati,Pseudomonadota,Gammaproteobacteria,Enterobacterales,Enterobacteriaceae	9974.5	Simulated Soil	3000873inst1_path_105
3000873inst1	root,cellular organisms,Bacteria,Pseudomonadati,Pseudomonadota,Gammaproteobacteria,Enterobacterales,Enterobacteriaceae,Escherichia,Escherichia coli	13824.5	Simulated Soil	3000873inst1_path_24
3000873inst1	root,cellular organisms,Bacteria,Pseudomonadati,Pseudomonadota,Gammaproteobacteria,Enterobacterales,Enterobacteriaceae,Klebsiella,Klebsiella huaxiensis	9531.0	Simulated Soil	3000873inst1_path_34
3000873inst1	root,cellular organisms,Bacteria,Pseudomonadati,Pseudomonadota,Gammaproteobacteria,Enterobacterales,Enterobacteriaceae,Klebsiella,Klebsiella pneumoniae complex,Klebsiella pneumoniae	9214.5	Simulated Soil	3000873inst1_path_142
3000873inst1	root,cellular organisms,Bacteria,Pseudomonadati,Pseudomonadota,Gammaproteobacteria,Enterobacterales,Enterobacteriaceae,Klebsiella,Klebsiella pneumoniae complex,Klebsiella quasipneumoniae	6192.0	Simulated Soil	3000873inst1_path_104_trimmed
3000873inst1	root,cellular organisms,Bacteria,Pseudomonadati,Pseudomonadota,Gammaproteobacteria,Lysobacterales,Lysobacteraceae,Xanthomonas,Xanthomonas euvesicatoria	7789.0	Simulated Soil	3000873inst1_path_1
3001205inst1	root,cellular organisms,Bacteria,Pseudomonadati,Pseudomonadota,Gammaproteobacteria,Pseudomonadales,Pseudomonadaceae,Pseudomonas,Pseudomonas aeruginosa group,Pseudomonas aeruginosa	6777.0	Simulated Soil	3001205inst1_path_10
3001300inst1		591.0	Simulated Soil	3001300inst1_gene_seq
3001303inst1		530.0	Simulated Soil	3001303inst1_gene_seq
3001328inst1		2736.0	Simulated Soil	3001328inst1_gene_seq
3001396inst1	root,cellular organisms,Bacteria,Pseudomonadati,Pseudomonadota,Gammaproteobacteria	4544.0	Simulated Soil	3001396inst1_path_13_trimmed
3001396inst1	root,cellular organisms,Bacteria,Pseudomonadati,Pseudomonadota,Gammaproteobacteria,Enterobacterales,Enterobacteriaceae,Escherichia,Escherichia coli	8208.5	Simulated Soil	3001396inst1_path_10
3001405inst1	root,cellular organisms,Bacteria,Pseudomonadati,Pseudomonadota,Gammaproteobacteria	5218.0	Simulated Soil	3001405inst1_path_153
3001405inst1	root,cellular organisms,Bacteria,Pseudomonadati,Pseudomonadota,Gammaproteobacteria,Enterobacterales,Enterobacteriaceae	5642.5	Simulated Soil	3001405inst1_path_11
3001405inst1	root,cellular organisms,Bacteria,Pseudomonadati,Pseudomonadota,Gammaproteobacteria,Enterobacterales,Enterobacteriaceae,Escherichia,Escherichia coli	6368.0	Simulated Soil	3001405inst1_path_17
3001405inst1	root,cellular organisms,Bacteria,Pseudomonadati,Pseudomonadota,Gammaproteobacteria,Pseudomonadales,Pseudomonadaceae	1084.0	Simulated Soil	3001405inst1_path_199_trimmed
3001416inst1	root,cellular organisms,Bacteria,Pseudomonadati,Pseudomonadota,Gammaproteobacteria	7210.0	Simulated Soil	3001416inst1_path_10
3001416inst1	root,cellular organisms,Bacteria,Pseudomonadati,Pseudomonadota,Gammaproteobacteria,Enterobacterales,Enterobacteriaceae,Escherichia,Escherichia coli	6441.0	Simulated Soil	3001416inst1_path_17
3001416inst1	root,cellular organisms,Bacteria,Pseudomonadati,Pseudomonadota,Gammaproteobacteria,Pseudomonadales,Pseudomonadaceae	7591.0	Simulated Soil	3001416inst1_path_1_trimmed
3001428inst1	root,cellular organisms,Bacteria,Pseudomonadati,Pseudomonadota,Gammaproteobacteria	7210.0	Simulated Soil	3001428inst1_path_10
3001428inst1	root,cellular organisms,Bacteria,Pseudomonadati,Pseudomonadota,Gammaproteobacteria,Enterobacterales,Enterobacteriaceae,Escherichia,Escherichia coli	6452.0	Simulated Soil	3001428inst1_path_17
3001428inst1	root,cellular organisms,Bacteria,Pseudomonadati,Pseudomonadota,Gammaproteobacteria,Pseudomonadales,Pseudomonadaceae	7591.0	Simulated Soil	3001428inst1_path_1_trimmed
3001784inst1	root,cellular organisms,Bacteria,Pseudomonadati,Pseudomonadota,Alphaproteobacteria,Hyphomicrobiales,Xanthobacteraceae,Xanthobacter,Xanthobacter dioxanivorans	10133.0	Simulated Soil	3001784inst1_path_11
3001784inst1	root,cellular organisms,Bacteria,Pseudomonadati,Pseudomonadota,Gammaproteobacteria,Lysobacterales,Lysobacteraceae,Xanthomonas,Xanthomonas euvesicatoria	5005.0	Simulated Soil	3001784inst1_path_2
3001865inst1		1904.0	Simulated Soil	3001865inst1_gene_seq
3002068inst1	root,cellular organisms,Bacteria,Pseudomonadati,Pseudomonadota	4087.0	Simulated Soil	3002068inst1_path_3
3002068inst1	root,cellular organisms,Bacteria,Pseudomonadati,Pseudomonadota,Alphaproteobacteria,Hyphomicrobiales,Xanthobacteraceae,Xanthobacter,Xanthobacter dioxanivorans	8402.5	Simulated Soil	3002068inst1_path_10
3002068inst1	root,cellular organisms,Bacteria,Pseudomonadati,Pseudomonadota,Alphaproteobacteria,Rhodobacterales,Paracoccaceae,Frigidibacter,Frigidibacter mobilis	12371.0	Simulated Soil	3002068inst1_path_12
3002068inst1	root,cellular organisms,Bacteria,Pseudomonadati,Pseudomonadota,Alphaproteobacteria,Rhodobacterales,Paracoccaceae,Tabrizicola,Tabrizicola piscis	4673.0	Simulated Soil	3002068inst1_path_14
3002068inst1	root,cellular organisms,Bacteria,Pseudomonadati,Pseudomonadota,Alphaproteobacteria,Rhodobacterales,Rhodobacter group,Rhodobacter,Rhodobacter xanthinilyticus	3579.0	Simulated Soil	3002068inst1_path_8_trimmed
3002068inst1	root,cellular organisms,Bacteria,Pseudomonadati,Pseudomonadota,Gammaproteobacteria,Enterobacterales,Enterobacteriaceae,Escherichia,Escherichia coli	6887.0	Simulated Soil	3002068inst1_path_1
3002068inst1	root,cellular organisms,Bacteria,Pseudomonadati,Pseudomonadota,Gammaproteobacteria,Lysobacterales,Lysobacteraceae,Xanthomonas,Xanthomonas euvesicatoria	5522.0	Simulated Soil	3002068inst1_path_2
3002237inst1		369.0	Simulated Soil	3002237inst1_gene_seq
3002272inst1		775.0	Simulated Soil	3002272inst1_gene_seq
3002312inst1		4722.0	Simulated Soil	3002312inst1_gene_seq
3002353inst1		1075.0	Simulated Soil	3002353inst1_gene_seq
3002476inst1		1608.0	Simulated Soil	3002476inst1_gene_seq
3002522inst1	root,cellular organisms,Bacteria,Bacillati,Actinomycetota,Actinomycetes,Kitasatosporales,Streptomycetaceae,Streptomyces,unclassified Streptomyces,Streptomyces sp. AgN23	5762.0	Simulated Soil	3002522inst1_path_11
3002524inst1		390.0	Simulated Soil	3002524inst1_gene_seq
3002525inst1	root,cellular organisms,Bacteria,Bacillati,Actinomycetota,Actinomycetes,Mycobacteriales,Mycobacteriaceae,Mycobacterium,Mycobacterium tuberculosis complex,Mycobacterium canetti	9369.0	Simulated Soil	3002525inst1_path_1
3002526inst1		372.0	Simulated Soil	3002526inst1_gene_seq
3002534inst1		1585.0	Simulated Soil	3002534inst1_gene_seq
3002539inst1		1527.0	Simulated Soil	3002539inst1_gene_seq
3002563inst1		10145.0	Simulated Soil	3002563inst1_gene_seq
3002569inst1		459.0	Simulated Soil	3002569inst1_gene_seq
3002576inst1	root,cellular organisms,Bacteria,Pseudomonadati,Pseudomonadota	1900.0	Simulated Soil	3002576inst1_path_163
3002576inst1	root,cellular organisms,Bacteria,Pseudomonadati,Pseudomonadota,Gammaproteobacteria	4711.0	Simulated Soil	3002576inst1_path_101
3002576inst1	root,cellular organisms,Bacteria,Pseudomonadati,Pseudomonadota,Gammaproteobacteria,Enterobacterales,Enterobacteriaceae	6295.0	Simulated Soil	3002576inst1_path_10
3002576inst1	root,cellular organisms,Bacteria,Pseudomonadati,Pseudomonadota,Gammaproteobacteria,Enterobacterales,Enterobacteriaceae,Escherichia,Escherichia coli	5097.0	Simulated Soil	3002576inst1_path_134
3002576inst1	root,cellular organisms,Bacteria,Pseudomonadati,Pseudomonadota,Gammaproteobacteria,Lysobacterales,Rhodanobacteraceae,Aerosticca,Aerosticca soli	2672.5	Simulated Soil	3002576inst1_path_116
3002576inst1	root,cellular organisms,Bacteria,Pseudomonadati,Pseudomonadota,Gammaproteobacteria,Pseudomonadales,Pseudomonadaceae	6660.0	Simulated Soil	3002576inst1_path_191
3002576inst1	root,cellular organisms,Bacteria,Pseudomonadati,Pseudomonadota,Gammaproteobacteria,Pseudomonadales,Pseudomonadaceae,Pseudomonas	2384.0	Simulated Soil	3002576inst1_path_48_trimmed
3002581inst1	root,cellular organisms,Bacteria,Pseudomonadati,Pseudomonadota,Gammaproteobacteria	3946.0	Simulated Soil	3002581inst1_path_103
3002581inst1	root,cellular organisms,Bacteria,Pseudomonadati,Pseudomonadota,Gammaproteobacteria,Enterobacterales,Enterobacteriaceae	6329.5	Simulated Soil	3002581inst1_path_215
3002581inst1	root,cellular organisms,Bacteria,Pseudomonadati,Pseudomonadota,Gammaproteobacteria,Enterobacterales,Enterobacteriaceae,Escherichia,Escherichia coli	5228.0	Simulated Soil	3002581inst1_path_112
3002581inst1	root,cellular organisms,Bacteria,Pseudomonadati,Pseudomonadota,Gammaproteobacteria,Lysobacterales,Rhodanobacteraceae,Aerosticca,Aerosticca soli	2531.0	Simulated Soil	3002581inst1_path_134
3002581inst1	root,cellular organisms,Bacteria,Pseudomonadati,Pseudomonadota,Gammaproteobacteria,Pseudomonadales,Pseudomonadaceae	6255.0	Simulated Soil	3002581inst1_path_11
3002581inst1	root,cellular organisms,Bacteria,Pseudomonadati,Pseudomonadota,Gammaproteobacteria,Pseudomonadales,Pseudomonadaceae,Pseudomonas	3352.0	Simulated Soil	3002581inst1_path_94_trimmed
3002581inst1		4510.0	Simulated Soil	3002581inst1_path_188
3002593inst1		542.0	Simulated Soil	3002593inst1_gene_seq
3002594inst1	root,cellular organisms,Bacteria,Pseudomonadati,Pseudomonadota,Gammaproteobacteria,Enterobacterales,Enterobacteriaceae,Escherichia,Escherichia coli	5569.0	Simulated Soil	3002594inst1_path_10
3002594inst1	root,cellular organisms,Bacteria,Pseudomonadati,Pseudomonadota,Gammaproteobacteria,Pseudomonadales,Pseudomonadaceae	2991.0	Simulated Soil	3002594inst1_path_73_trimmed
3002596inst1		364.0	Simulated Soil	3002596inst1_gene_seq
3002601inst1	root,cellular organisms,Bacteria	6382.0	Simulated Soil	3002601inst1_path_233
3002601inst1	root,cellular organisms,Bacteria,Pseudomonadati,Pseudomonadota,Gammaproteobacteria	8293.5	Simulated Soil	3002601inst1_path_116
3002601inst1	root,cellular organisms,Bacteria,Pseudomonadati,Pseudomonadota,Gammaproteobacteria,Enterobacterales,Enterobacteriaceae	4931.0	Simulated Soil	3002601inst1_path_230_trimmed
3002601inst1	root,cellular organisms,Bacteria,Pseudomonadati,Pseudomonadota,Gammaproteobacteria,Enterobacterales,Enterobacteriaceae,Escherichia,Escherichia coli	8241.0	Simulated Soil	3002601inst1_path_130
3002601inst1	root,cellular organisms,Bacteria,Pseudomonadati,Pseudomonadota,Gammaproteobacteria,Enterobacterales,Enterobacteriaceae,Klebsiella,Klebsiella pneumoniae complex,Klebsiella pneumoniae	15480.0	Simulated Soil	3002601inst1_path_215
3002601inst1	root,cellular organisms,Bacteria,Pseudomonadati,Pseudomonadota,Gammaproteobacteria,Pseudomonadales,Pseudomonadaceae,Pseudomonas,Pseudomonas aeruginosa group,Pseudomonas aeruginosa	9613.0	Simulated Soil	3002601inst1_path_226
3002602inst1	root,cellular organisms,Bacteria,Pseudomonadati,Pseudomonadota,Gammaproteobacteria	4871.0	Simulated Soil	3002602inst1_path_68
3002602inst1	root,cellular organisms,Bacteria,Pseudomonadati,Pseudomonadota,Gammaproteobacteria,Enterobacterales,Enterobacteriaceae,Escherichia,Escherichia coli	6106.0	Simulated Soil	3002602inst1_path_105
3002602inst1	root,cellular organisms,Bacteria,Pseudomonadati,Pseudomonadota,Gammaproteobacteria,Pseudomonadales,Pseudomonadaceae	4408.0	Simulated Soil	3002602inst1_path_89_trimmed
3002603inst1	root,cellular organisms,Bacteria,Pseudomonadati,Pseudomonadota,Gammaproteobacteria	4606.0	Simulated Soil	3002603inst1_path_63
3002603inst1	root,cellular organisms,Bacteria,Pseudomonadati,Pseudomonadota,Gammaproteobacteria,Enterobacterales,Enterobacteriaceae,Escherichia,Escherichia coli	5893.0	Simulated Soil	3002603inst1_path_11
3002603inst1	root,cellular organisms,Bacteria,Pseudomonadati,Pseudomonadota,Gammaproteobacteria,Pseudomonadales,Pseudomonadaceae	4462.0	Simulated Soil	3002603inst1_path_41_trimmed
3002606inst1	root,cellular organisms,Bacteria	6069.5	Simulated Soil	3002606inst1_path_275
3002606inst1	root,cellular organisms,Bacteria,Pseudomonadati,Pseudomonadota,Gammaproteobacteria	7351.0	Simulated Soil	3002606inst1_path_199
3002606inst1	root,cellular organisms,Bacteria,Pseudomonadati,Pseudomonadota,Gammaproteobacteria,Enterobacterales,Enterobacteriaceae	6321.5	Simulated Soil	3002606inst1_path_18
3002606inst1	root,cellular organisms,Bacteria,Pseudomonadati,Pseudomonadota,Gammaproteobacteria,Enterobacterales,Enterobacteriaceae,Escherichia,Escherichia coli	16063.0	Simulated Soil	3002606inst1_path_438
3002606inst1	root,cellular organisms,Bacteria,Pseudomonadati,Pseudomonadota,Gammaproteobacteria,Enterobacterales,Enterobacteriaceae,Klebsiella,Klebsiella pneumoniae complex,Klebsiella pneumoniae	17091.0	Simulated Soil	3002606inst1_path_207
3002606inst1	root,cellular organisms,Bacteria,Pseudomonadati,Pseudomonadota,Gammaproteobacteria,Pseudomonadales,Pseudomonadaceae	885.0	Simulated Soil	3002606inst1_path_306_trimmed
3002606inst1	root,cellular organisms,Bacteria,Pseudomonadati,Pseudomonadota,Gammaproteobacteria,Pseudomonadales,Pseudomonadaceae,Pseudomonas,Pseudomonas aeruginosa group,Pseudomonas aeruginosa	11224.0	Simulated Soil	3002606inst1_path_212
3002606inst1		5545.0	Simulated Soil	3002606inst1_path_307
3002611inst1	root,cellular organisms,Bacteria,Pseudomonadati,Pseudomonadota,Alphaproteobacteria,Sphingomonadales,Sphingomonadaceae,Sphingomonas,unclassified Sphingomonas,Sphingomonas sp. FARSPH	5430.0	Simulated Soil	3002611inst1_path_175
3002611inst1	root,cellular organisms,Bacteria,Pseudomonadati,Pseudomonadota,Gammaproteobacteria	5924.0	Simulated Soil	3002611inst1_path_169
3002611inst1	root,cellular organisms,Bacteria,Pseudomonadati,Pseudomonadota,Gammaproteobacteria,Enterobacterales,Enterobacteriaceae,Escherichia,Escherichia coli	7809.0	Simulated Soil	3002611inst1_path_1
3002611inst1	root,cellular organisms,Bacteria,Pseudomonadati,Pseudomonadota,Gammaproteobacteria,Pseudomonadales,Pseudomonadaceae	4620.0	Simulated Soil	3002611inst1_path_110_trimmed
3002621inst1	root,cellular organisms,Bacteria	5864.0	Simulated Soil	3002621inst1_path_349
3002621inst1	root,cellular organisms,Bacteria,Pseudomonadati,Pseudomonadota,Gammaproteobacteria	7375.5	Simulated Soil	3002621inst1_path_199
3002621inst1	root,cellular organisms,Bacteria,Pseudomonadati,Pseudomonadota,Gammaproteobacteria,Enterobacterales,Enterobacteriaceae	6239.0	Simulated Soil	3002621inst1_path_168
3002621inst1	root,cellular organisms,Bacteria,Pseudomonadati,Pseudomonadota,Gammaproteobacteria,Enterobacterales,Enterobacteriaceae,Escherichia,Escherichia coli	14593.0	Simulated Soil	3002621inst1_path_438
3002621inst1	root,cellular organisms,Bacteria,Pseudomonadati,Pseudomonadota,Gammaproteobacteria,Enterobacterales,Enterobacteriaceae,Klebsiella,Klebsiella pneumoniae complex,Klebsiella pneumoniae	17091.0	Simulated Soil	3002621inst1_path_207
3002621inst1	root,cellular organisms,Bacteria,Pseudomonadati,Pseudomonadota,Gammaproteobacteria,Pseudomonadales,Pseudomonadaceae	885.0	Simulated Soil	3002621inst1_path_306_trimmed
3002621inst1	root,cellular organisms,Bacteria,Pseudomonadati,Pseudomonadota,Gammaproteobacteria,Pseudomonadales,Pseudomonadaceae,Pseudomonas,Pseudomonas aeruginosa group,Pseudomonas aeruginosa	11224.0	Simulated Soil	3002621inst1_path_212
3002621inst1		5545.0	Simulated Soil	3002621inst1_path_307
3002639inst1	root,cellular organisms,Bacteria	4354.0	Simulated Soil	3002639inst1_path_105
3002639inst1	root,cellular organisms,Bacteria,Pseudomonadati,Pseudomonadota	6122.0	Simulated Soil	3002639inst1_path_104
3002639inst1	root,cellular organisms,Bacteria,Pseudomonadati,Pseudomonadota,Alphaproteobacteria,Hyphomicrobiales,Xanthobacteraceae,Xanthobacter,Xanthobacter dioxanivorans	11925.0	Simulated Soil	3002639inst1_path_10
3002639inst1	root,cellular organisms,Bacteria,Pseudomonadati,Pseudomonadota,Alphaproteobacteria,Rhodobacterales,Paracoccaceae,Frigidibacter,Frigidibacter mobilis	14946.5	Simulated Soil	3002639inst1_path_163
3002639inst1	root,cellular organisms,Bacteria,Pseudomonadati,Pseudomonadota,Alphaproteobacteria,Rhodobacterales,Paracoccaceae,Tabrizicola,Tabrizicola piscis	6772.0	Simulated Soil	3002639inst1_path_113
3002639inst1	root,cellular organisms,Bacteria,Pseudomonadati,Pseudomonadota,Alphaproteobacteria,Rhodobacterales,Rhodobacter group,Rhodobacter,Rhodobacter xanthinilyticus	8249.0	Simulated Soil	3002639inst1_path_106
3002639inst1	root,cellular organisms,Bacteria,Pseudomonadati,Pseudomonadota,Alphaproteobacteria,Sphingomonadales	6585.5	Simulated Soil	3002639inst1_path_471
3002639inst1	root,cellular organisms,Bacteria,Pseudomonadati,Pseudomonadota,Alphaproteobacteria,Sphingomonadales,Sphingomonadaceae,Sphingomonas,unclassified Sphingomonas,Sphingomonas sp. FARSPH	5800.0	Simulated Soil	3002639inst1_path_1
3002639inst1	root,cellular organisms,Bacteria,Pseudomonadati,Pseudomonadota,Alphaproteobacteria,Sphingomonadales,Sphingomonadaceae,Sphingomonas,unclassified Sphingomonas,Sphingomonas sp. IC081	6102.5	Simulated Soil	3002639inst1_path_112
3002639inst1	root,cellular organisms,Bacteria,Pseudomonadati,Pseudomonadota,Alphaproteobacteria,Sphingomonadales,Sphingopyxidaceae,Sphingopyxis,Sphingopyxis macrogoltabida	14876.5	Simulated Soil	3002639inst1_path_473
3002639inst1	root,cellular organisms,Bacteria,Pseudomonadati,Pseudomonadota,Gammaproteobacteria,Enterobacterales	5694.0	Simulated Soil	3002639inst1_path_307
3002639inst1	root,cellular organisms,Bacteria,Pseudomonadati,Pseudomonadota,Gammaproteobacteria,Enterobacterales,Enterobacteriaceae	7304.0	Simulated Soil	3002639inst1_path_100
3002639inst1	root,cellular organisms,Bacteria,Pseudomonadati,Pseudomonadota,Gammaproteobacteria,Enterobacterales,Enterobacteriaceae,Escherichia,Escherichia coli	8954.5	Simulated Soil	3002639inst1_path_102
3002639inst1	root,cellular organisms,Bacteria,Pseudomonadati,Pseudomonadota,Gammaproteobacteria,Enterobacterales,Enterobacteriaceae,Klebsiella,Klebsiella pneumoniae complex,Klebsiella pneumoniae	9311.0	Simulated Soil	3002639inst1_path_406_trimmed
3002639inst1	root,cellular organisms,Bacteria,Pseudomonadati,Pseudomonadota,Gammaproteobacteria,Lysobacterales,Lysobacteraceae,Xanthomonas,Xanthomonas euvesicatoria	7685.0	Simulated Soil	3002639inst1_path_103
3002639inst1	root,cellular organisms,Bacteria,Pseudomonadati,Pseudomonadota,Gammaproteobacteria,Pseudomonadales,Pseudomonadaceae,Ectopseudomonas,Ectopseudomonas mendocina	10690.0	Simulated Soil	3002639inst1_path_449
3002641inst1	root,cellular organisms,Bacteria,Pseudomonadati,Pseudomonadota,Alphaproteobacteria,Sphingomonadales	5624.0	Simulated Soil	3002641inst1_path_180
3002641inst1	root,cellular organisms,Bacteria,Pseudomonadati,Pseudomonadota,Gammaproteobacteria,Enterobacterales,Enterobacteriaceae,Escherichia,Escherichia coli	5078.0	Simulated Soil	3002641inst1_path_107
3002641inst1	root,cellular organisms,Bacteria,Pseudomonadati,Pseudomonadota,Gammaproteobacteria,Enterobacterales,Enterobacteriaceae,Klebsiella,Klebsiella pneumoniae complex,Klebsiella pneumoniae	7851.0	Simulated Soil	3002641inst1_path_195
3002644inst1		1874.0	Simulated Soil	3002644inst1_gene_seq
3002651inst1		614.0	Simulated Soil	3002651inst1_gene_seq
3002652inst1		1599.0	Simulated Soil	3002652inst1_gene_seq
3002657inst1		2844.0	Simulated Soil	3002657inst1_gene_seq
3002658inst1		776.0	Simulated Soil	3002658inst1_gene_seq
3002660inst1	root,cellular organisms,Bacteria,Pseudomonadati,Pseudomonadota	6059.0	Simulated Soil	3002660inst1_path_153
3002660inst1	root,cellular organisms,Bacteria,Pseudomonadati,Pseudomonadota,Alphaproteobacteria,Hyphomicrobiales,Xanthobacteraceae,Xanthobacter,Xanthobacter dioxanivorans	9739.0	Simulated Soil	3002660inst1_path_65
3002660inst1	root,cellular organisms,Bacteria,Pseudomonadati,Pseudomonadota,Alphaproteobacteria,Rhodobacterales,Paracoccaceae,Frigidibacter,Frigidibacter mobilis	16568.0	Simulated Soil	3002660inst1_path_83
3002660inst1	root,cellular organisms,Bacteria,Pseudomonadati,Pseudomonadota,Alphaproteobacteria,Rhodobacterales,Paracoccaceae,Tabrizicola,Tabrizicola piscis	7649.0	Simulated Soil	3002660inst1_path_230
3002660inst1	root,cellular organisms,Bacteria,Pseudomonadati,Pseudomonadota,Alphaproteobacteria,Rhodobacterales,Rhodobacter group,Rhodobacter,Rhodobacter xanthinilyticus	9362.5	Simulated Soil	3002660inst1_path_241
3002660inst1	root,cellular organisms,Bacteria,Pseudomonadati,Pseudomonadota,Alphaproteobacteria,Sphingomonadales	7602.0	Simulated Soil	3002660inst1_path_210
3002660inst1	root,cellular organisms,Bacteria,Pseudomonadati,Pseudomonadota,Alphaproteobacteria,Sphingomonadales,Sphingomonadaceae,Sphingomonas,unclassified Sphingomonas,Sphingomonas sp. FARSPH	7141.0	Simulated Soil	3002660inst1_path_140
3002660inst1	root,cellular organisms,Bacteria,Pseudomonadati,Pseudomonadota,Alphaproteobacteria,Sphingomonadales,Sphingomonadaceae,Sphingomonas,unclassified Sphingomonas,Sphingomonas sp. IC081	6280.0	Simulated Soil	3002660inst1_path_167
3002660inst1	root,cellular organisms,Bacteria,Pseudomonadati,Pseudomonadota,Alphaproteobacteria,Sphingomonadales,Sphingopyxidaceae,Sphingopyxis,Sphingopyxis macrogoltabida	15009.0	Simulated Soil	3002660inst1_path_212
3002660inst1	root,cellular organisms,Bacteria,Pseudomonadati,Pseudomonadota,Gammaproteobacteria,Enterobacterales,Enterobacteriaceae	6181.0	Simulated Soil	3002660inst1_path_148
3002660inst1	root,cellular organisms,Bacteria,Pseudomonadati,Pseudomonadota,Gammaproteobacteria,Enterobacterales,Enterobacteriaceae,Escherichia,Escherichia coli	10471.0	Simulated Soil	3002660inst1_path_58
3002660inst1	root,cellular organisms,Bacteria,Pseudomonadati,Pseudomonadota,Gammaproteobacteria,Lysobacterales,Lysobacteraceae,Xanthomonas,Xanthomonas euvesicatoria	9106.0	Simulated Soil	3002660inst1_path_59
3002666inst1	root,cellular organisms,Bacteria,Pseudomonadati,Pseudomonadota,Gammaproteobacteria,Enterobacterales,Enterobacteriaceae	2197.0	Simulated Soil	3002666inst1_path_10_trimmed
3002666inst1	root,cellular organisms,Bacteria,Pseudomonadati,Pseudomonadota,Gammaproteobacteria,Enterobacterales,Enterobacteriaceae,Citrobacter,Citrobacter europaeus	10465.0	Simulated Soil	3002666inst1_path_19
3002666inst1	root,cellular organisms,Bacteria,Pseudomonadati,Pseudomonadota,Gammaproteobacteria,Enterobacterales,Enterobacteriaceae,Enterobacter	9191.0	Simulated Soil	3002666inst1_path_53
3002666inst1	root,cellular organisms,Bacteria,Pseudomonadati,Pseudomonadota,Gammaproteobacteria,Enterobacterales,Enterobacteriaceae,Escherichia,Escherichia coli	4116.0	Simulated Soil	3002666inst1_path_17
3002666inst1	root,cellular organisms,Bacteria,Pseudomonadati,Pseudomonadota,Gammaproteobacteria,Enterobacterales,Enterobacteriaceae,Klebsiella,Klebsiella pneumoniae complex,Klebsiella pneumoniae	13178.0	Simulated Soil	3002666inst1_path_47
3002666inst1	root,cellular organisms,Bacteria,Pseudomonadati,Pseudomonadota,Gammaproteobacteria,Lysobacterales,Rhodanobacteraceae,Aerosticca,Aerosticca soli	3301.0	Simulated Soil	3002666inst1_path_64
3002676inst1	root,cellular organisms,Bacteria,Pseudomonadati,Pseudomonadota,Gammaproteobacteria	7746.0	Simulated Soil	3002676inst1_path_16
3002676inst1	root,cellular organisms,Bacteria,Pseudomonadati,Pseudomonadota,Gammaproteobacteria,Enterobacterales,Enterobacteriaceae	9533.0	Simulated Soil	3002676inst1_path_14
3002676inst1	root,cellular organisms,Bacteria,Pseudomonadati,Pseudomonadota,Gammaproteobacteria,Enterobacterales,Enterobacteriaceae,Escherichia,Escherichia coli	8845.0	Simulated Soil	3002676inst1_path_10
3002679inst1		2410.0	Simulated Soil	3002679inst1_gene_seq
3002683inst1		1008.0	Simulated Soil	3002683inst1_gene_seq
3002684inst1	root	4356.0	Simulated Soil	3002684inst1_path_193
3002684inst1	root,cellular organisms,Bacteria	2167.0	Simulated Soil	3002684inst1_path_284
3002684inst1	root,cellular organisms,Bacteria,Pseudomonadati,Pseudomonadota,Alphaproteobacteria,Sphingomonadales	3887.0	Simulated Soil	3002684inst1_path_218
3002684inst1	root,cellular organisms,Bacteria,Pseudomonadati,Pseudomonadota,Alphaproteobacteria,Sphingomonadales,Sphingobiaceae,Sphingobium,unclassified Sphingobium,Sphingobium sp. MI1205	3708.0	Simulated Soil	3002684inst1_path_348
3002684inst1	root,cellular organisms,Bacteria,Pseudomonadati,Pseudomonadota,Gammaproteobacteria,Enterobacterales	1811.0	Simulated Soil	3002684inst1_path_114_trimmed
3002684inst1		1287.0	Simulated Soil	3002684inst1_path_120
3002690inst1		915.0	Simulated Soil	3002690inst1_gene_seq
3002691inst1	root,cellular organisms,Bacteria,Pseudomonadati,Pseudomonadota,Gammaproteobacteria,Enterobacterales,Enterobacteriaceae,Escherichia,Escherichia coli	7446.0	Simulated Soil	3002691inst1_path_11
3002691inst1	root,cellular organisms,Bacteria,Pseudomonadati,Pseudomonadota,Gammaproteobacteria,Pseudomonadales,Pseudomonadaceae	5119.0	Simulated Soil	3002691inst1_path_15_trimmed
3002695inst1	root,cellular organisms,Bacteria,Pseudomonadati,Pseudomonadota,Gammaproteobacteria,Enterobacterales,Enterobacteriaceae,Escherichia,Escherichia coli	7412.5	Simulated Soil	3002695inst1_path_11
3002695inst1	root,cellular organisms,Bacteria,Pseudomonadati,Pseudomonadota,Gammaproteobacteria,Pseudomonadales,Pseudomonadaceae	5119.0	Simulated Soil	3002695inst1_path_15_trimmed
3002699inst1	root,cellular organisms,Bacteria,Pseudomonadati,Pseudomonadota,Gammaproteobacteria,Enterobacterales,Enterobacteriaceae,Escherichia,Escherichia coli	6824.0	Simulated Soil	3002699inst1_path_1
3002699inst1	root,cellular organisms,Bacteria,Pseudomonadati,Pseudomonadota,Gammaproteobacteria,Pseudomonadales,Pseudomonadaceae	4358.0	Simulated Soil	3002699inst1_path_19_trimmed
3002700inst1		1063.0	Simulated Soil	3002700inst1_gene_seq
3002703inst1	root,cellular organisms,Bacteria,Bacillati,Actinomycetota,Actinomycetes,Bifidobacteriales,Bifidobacteriaceae,Bifidobacterium,Bifidobacterium choerinum	12298.0	Simulated Soil	3002703inst1_path_4
3002704inst1		38683.0	Simulated Soil	3002704inst1_gene_seq
3002705inst1		1244.0	Simulated Soil	3002705inst1_gene_seq
3002714inst1		7556.0	Simulated Soil	3002714inst1_gene_seq
3002788inst1		2738.0	Simulated Soil	3002788inst1_gene_seq
3002791inst1	root	4131.0	Simulated Soil	3002791inst1_path_1
3002799inst1	root,cellular organisms,Bacteria,Pseudomonadati,Pseudomonadota,Gammaproteobacteria,Pseudomonadales,Pseudomonadaceae	6992.0	Simulated Soil	3002799inst1_path_16
3002799inst1	root,cellular organisms,Bacteria,Pseudomonadati,Pseudomonadota,Gammaproteobacteria,Pseudomonadales,Pseudomonadaceae,Pseudomonas	4573.0	Simulated Soil	3002799inst1_path_1_trimmed
3002824inst1		460.0	Simulated Soil	3002824inst1_gene_seq
3002826inst1		692.0	Simulated Soil	3002826inst1_gene_seq
3002828inst1		1905.0	Simulated Soil	3002828inst1_gene_seq
3002847inst1	root,cellular organisms,Bacteria,Pseudomonadati,Pseudomonadota,Gammaproteobacteria,Enterobacterales,Enterobacteriaceae,Escherichia,Escherichia coli	5352.0	Simulated Soil	3002847inst1_path_111
3002847inst1	root,cellular organisms,Bacteria,Pseudomonadati,Pseudomonadota,Gammaproteobacteria,Pseudomonadales,Pseudomonadaceae	7353.0	Simulated Soil	3002847inst1_path_100
3002847inst1	root,cellular organisms,Bacteria,Pseudomonadati,Pseudomonadota,Gammaproteobacteria,Pseudomonadales,Pseudomonadaceae,Pseudomonas	2286.0	Simulated Soil	3002847inst1_path_301_trimmed
3002858inst1	root,cellular organisms,Bacteria,Pseudomonadati,Pseudomonadota,Gammaproteobacteria,Enterobacterales,Enterobacteriaceae,Escherichia,Escherichia coli	7901.0	Simulated Soil	3002858inst1_path_59
3002859inst1	root,cellular organisms,Bacteria,Pseudomonadati,Pseudomonadota,Gammaproteobacteria	6133.5	Simulated Soil	3002859inst1_path_1
3002859inst1	root,cellular organisms,Bacteria,Pseudomonadati,Pseudomonadota,Gammaproteobacteria,Enterobacterales,Enterobacteriaceae	1195.0	Simulated Soil	3002859inst1_path_20_trimmed
3002859inst1	root,cellular organisms,Bacteria,Pseudomonadati,Pseudomonadota,Gammaproteobacteria,Enterobacterales,Enterobacteriaceae,Escherichia,Escherichia coli	3485.0	Simulated Soil	3002859inst1_path_263
3002860inst1		608.0	Simulated Soil	3002860inst1_gene_seq
3002865inst1	root,cellular organisms,Bacteria,Bacillati,Bacillota,Bacilli,Bacillales,Staphylococcaceae,Staphylococcus,Staphylococcus cohnii species complex,Staphylococcus cohnii	84607.0	Simulated Soil	3002865inst1_path_7
3002867inst1		412.0	Simulated Soil	3002867inst1_gene_seq
3002868inst1		7064.0	Simulated Soil	3002868inst1_gene_seq
3002883inst1		833.0	Simulated Soil	3002883inst1_gene_seq
3002884inst1		1087.0	Simulated Soil	3002884inst1_gene_seq
3002894inst1	root,cellular organisms,Bacteria,Bacillati,Actinomycetota,Actinomycetes,Kitasatosporales,Streptomycetaceae,Streptomyces	2400.0	Simulated Soil	3002894inst1_path_2
3002894inst1	root,cellular organisms,Bacteria,Bacillati,Actinomycetota,Actinomycetes,Kitasatosporales,Streptomycetaceae,Streptomyces,Streptomyces venezuelae	3027.0	Simulated Soil	3002894inst1_path_3
3002894inst1	root,cellular organisms,Bacteria,Bacillati,Actinomycetota,Actinomycetes,Kitasatosporales,Streptomycetaceae,Streptomyces,unclassified Streptomyces,Streptomyces sp. NBC_01176	3340.0	Simulated Soil	3002894inst1_path_1
3002894inst2	root,cellular organisms,Bacteria,Bacillati,Actinomycetota,Actinomycetes,Kitasatosporales,Streptomycetaceae,Streptomyces,unclassified Streptomyces,Streptomyces sp. SX92	2475.0	Simulated Soil	3002894inst2_path_2
3002913inst1		1665.0	Simulated Soil	3002913inst1_gene_seq
3002914inst1		506.0	Simulated Soil	3002914inst1_gene_seq
3002919inst1		7782.0	Simulated Soil	3002919inst1_gene_seq
3002930inst1		1160.0	Simulated Soil	3002930inst1_gene_seq
3002930inst2		681.0	Simulated Soil	3002930inst2_gene_seq
3002931inst1		7782.0	Simulated Soil	3002931inst1_gene_seq
3002941inst1		1310.0	Simulated Soil	3002941inst1_gene_seq
3002948inst1		1019.0	Simulated Soil	3002948inst1_gene_seq
3002954inst1		635.0	Simulated Soil	3002954inst1_gene_seq
3002956inst1		469.0	Simulated Soil	3002956inst1_gene_seq
3002958inst1		7782.0	Simulated Soil	3002958inst1_gene_seq
3002963inst1		7782.0	Simulated Soil	3002963inst1_gene_seq
3002982inst1		2354.0	Simulated Soil	3002982inst1_gene_seq
3002986inst1		720.0	Simulated Soil	3002986inst1_gene_seq
3003009inst1		14699.0	Simulated Soil	3003009inst1_gene_seq
3003010inst1		37577.0	Simulated Soil	3003010inst1_gene_seq
3003018inst1	root,cellular organisms,Bacteria,Pseudomonadati,Pseudomonadota,Alphaproteobacteria,Sphingomonadales,Sphingomonadaceae,Sphingomonas,unclassified Sphingomonas,Sphingomonas sp. FARSPH	7800.0	Simulated Soil	3003018inst1_path_10
3003018inst1	root,cellular organisms,Bacteria,Pseudomonadati,Pseudomonadota,Gammaproteobacteria	6384.0	Simulated Soil	3003018inst1_path_92
3003018inst1	root,cellular organisms,Bacteria,Pseudomonadati,Pseudomonadota,Gammaproteobacteria,Enterobacterales,Enterobacteriaceae,Escherichia,Escherichia coli	6225.0	Simulated Soil	3003018inst1_path_4
3003018inst1	root,cellular organisms,Bacteria,Pseudomonadati,Pseudomonadota,Gammaproteobacteria,Pseudomonadales,Pseudomonadaceae	2204.0	Simulated Soil	3003018inst1_path_18_trimmed
3003018inst1	root,cellular organisms,Bacteria,Pseudomonadati,Pseudomonadota,Gammaproteobacteria,Pseudomonadales,Pseudomonadaceae,Pseudomonas	7230.0	Simulated Soil	3003018inst1_path_38
3003035inst1	root,cellular organisms,Bacteria,Bacillati,Actinomycetota,Actinomycetes,Mycobacteriales,Mycobacteriaceae,Mycobacterium,Mycobacterium tuberculosis complex,Mycobacterium canetti	18646.0	Simulated Soil	3003035inst1_path_3
3003036inst1		1097.0	Simulated Soil	3003036inst1_gene_seq
3003037inst1		22957.0	Simulated Soil	3003037inst1_gene_seq
3003055inst1		851.0	Simulated Soil	3003055inst1_gene_seq
3003057inst1		735.0	Simulated Soil	3003057inst1_gene_seq
3003066inst1		566.0	Simulated Soil	3003066inst1_gene_seq
3003095inst1		731.0	Simulated Soil	3003095inst1_gene_seq
3003109inst1		6149.0	Simulated Soil	3003109inst1_gene_seq
3003196inst1		705.0	Simulated Soil	3003196inst1_gene_seq
3003441inst1		38683.0	Simulated Soil	3003441inst1_gene_seq
3003548inst1		652.0	Simulated Soil	3003548inst1_gene_seq
3003562inst1		464.0	Simulated Soil	3003562inst1_gene_seq
3003577inst1		1363.0	Simulated Soil	3003577inst1_gene_seq
3003589inst1		820.0	Simulated Soil	3003589inst1_gene_seq
3003638inst1		617.0	Simulated Soil	3003638inst1_gene_seq
3003643inst1		455.0	Simulated Soil	3003643inst1_gene_seq
3003680inst1		668.0	Simulated Soil	3003680inst1_gene_seq
3003682inst1		946.0	Simulated Soil	3003682inst1_path_1
3003699inst1		3714.0	Simulated Soil	3003699inst1_gene_seq
3003725inst1		1253.0	Simulated Soil	3003725inst1_gene_seq
3003725inst2		729.0	Simulated Soil	3003725inst2_gene_seq
3003730inst1		2970.0	Simulated Soil	3003730inst1_path_1
3003741inst1		6149.0	Simulated Soil	3003741inst1_gene_seq
3003748inst1		820.0	Simulated Soil	3003748inst1_gene_seq
3003801inst1		1351.0	Simulated Soil	3003801inst1_gene_seq
3003839inst1	root,cellular organisms,Bacteria	5066.0	Simulated Soil	3003839inst1_path_106
3003839inst1	root,cellular organisms,Bacteria,Pseudomonadati,Pseudomonadota,Alphaproteobacteria,Sphingomonadales	7553.0	Simulated Soil	3003839inst1_path_1
3003839inst1	root,cellular organisms,Bacteria,Pseudomonadati,Pseudomonadota,Alphaproteobacteria,Sphingomonadales,Sphingobiaceae,Sphingobium,unclassified Sphingobium,Sphingobium sp. MI1205	7530.0	Simulated Soil	3003839inst1_path_357
3003839inst1	root,cellular organisms,Bacteria,Pseudomonadati,Pseudomonadota,Alphaproteobacteria,Sphingomonadales,Sphingomonadaceae,Sphingomonas,Sphingomonas bisphenolicum	7329.0	Simulated Soil	3003839inst1_path_239
3003839inst1	root,cellular organisms,Bacteria,Pseudomonadati,Pseudomonadota,Alphaproteobacteria,Sphingomonadales,Sphingopyxidaceae,Sphingopyxis,Sphingopyxis lindanitolerans	6247.5	Simulated Soil	3003839inst1_path_493
3003839inst1	root,cellular organisms,Bacteria,Pseudomonadati,Pseudomonadota,Gammaproteobacteria,Enterobacterales	9040.0	Simulated Soil	3003839inst1_path_112
3003839inst1	root,cellular organisms,Bacteria,Pseudomonadati,Pseudomonadota,Gammaproteobacteria,Enterobacterales,Enterobacteriaceae	6133.0	Simulated Soil	3003839inst1_path_101
3003839inst1	root,cellular organisms,Bacteria,Pseudomonadati,Pseudomonadota,Gammaproteobacteria,Enterobacterales,Enterobacteriaceae,Citrobacter,Citrobacter europaeus	13381.5	Simulated Soil	3003839inst1_path_130
3003839inst1	root,cellular organisms,Bacteria,Pseudomonadati,Pseudomonadota,Gammaproteobacteria,Enterobacterales,Enterobacteriaceae,Escherichia,Escherichia coli	6880.0	Simulated Soil	3003839inst1_path_109
3003839inst1	root,cellular organisms,Bacteria,Pseudomonadati,Pseudomonadota,Gammaproteobacteria,Enterobacterales,Enterobacteriaceae,Klebsiella	5947.0	Simulated Soil	3003839inst1_path_280_trimmed
3003839inst1	root,cellular organisms,Bacteria,Pseudomonadati,Pseudomonadota,Gammaproteobacteria,Enterobacterales,Enterobacteriaceae,Klebsiella,Klebsiella pneumoniae complex,Klebsiella pneumoniae	11992.0	Simulated Soil	3003839inst1_path_103
3003839inst1	root,cellular organisms,Bacteria,Pseudomonadati,Pseudomonadota,Gammaproteobacteria,Enterobacterales,Enterobacteriaceae,Klebsiella/Raoultella group	7885.0	Simulated Soil	3003839inst1_path_115
3003839inst1	root,cellular organisms,Bacteria,Pseudomonadati,Pseudomonadota,Gammaproteobacteria,Pseudomonadales,Pseudomonadaceae,Ectopseudomonas,Ectopseudomonas mendocina	11039.5	Simulated Soil	3003839inst1_path_117
3003839inst1	root,cellular organisms,Bacteria,Pseudomonadati,Pseudomonadota,Gammaproteobacteria,Pseudomonadales,Pseudomonadaceae,Pseudomonas	7247.0	Simulated Soil	3003839inst1_path_218
3003923inst1		3440.0	Simulated Soil	3003923inst1_gene_seq
3003955inst1	root,cellular organisms,Bacteria,Bacillati,Actinomycetota,Actinomycetes,Mycobacteriales,Mycobacteriaceae,Mycobacterium,Mycobacterium tuberculosis complex,Mycobacterium canetti	9961.0	Simulated Soil	3003955inst1_path_2
3004041inst1		756.0	Simulated Soil	3004041inst1_path_1
3004047inst1		29507.0	Simulated Soil	3004047inst1_gene_seq
3004054inst1		740.0	Simulated Soil	3004054inst1_gene_seq
3004073inst1		3686.0	Simulated Soil	3004073inst1_gene_seq
3004103inst1		14181.0	Simulated Soil	3004103inst1_gene_seq
3004107inst1		414.0	Simulated Soil	3004107inst1_gene_seq
3004111inst1		1338.0	Simulated Soil	3004111inst1_gene_seq
3004122inst1		1139.0	Simulated Soil	3004122inst1_gene_seq
3004123inst1		1181.0	Simulated Soil	3004123inst1_gene_seq
3004142inst1		781.0	Simulated Soil	3004142inst1_gene_seq
3004442inst1		1931.0	Simulated Soil	3004442inst1_gene_seq
3004451inst1	root,cellular organisms,Bacteria,Pseudomonadati,Pseudomonadota	4628.0	Simulated Soil	3004451inst1_path_54
3004451inst1	root,cellular organisms,Bacteria,Pseudomonadati,Pseudomonadota,Gammaproteobacteria,Enterobacterales,Enterobacteriaceae,Escherichia,Escherichia coli	5728.0	Simulated Soil	3004451inst1_path_60
3004480inst1	root,cellular organisms,Bacteria,Bacillati,Actinomycetota,Actinomycetes,Jatrophihabitantales,Jatrophihabitantaceae,Jatrophihabitans,Jatrophihabitans cynanchi	4481.0	Simulated Soil	3004480inst1_path_45
3004480inst1	root,cellular organisms,Bacteria,Bacillati,Actinomycetota,Actinomycetes,Micrococcales,Promicromonosporaceae,Cellulosimicrobium	4171.0	Simulated Soil	3004480inst1_path_8
3004480inst1	root,cellular organisms,Bacteria,Bacillati,Actinomycetota,Actinomycetes,Mycobacteriales,Nocardiaceae,Nocardia,Nocardia terpenica	4907.0	Simulated Soil	3004480inst1_path_42
3004480inst1		4060.0	Simulated Soil	3004480inst1_path_82
3004550inst1	root,cellular organisms,Bacteria,Pseudomonadati,Pseudomonadota,Gammaproteobacteria	10631.0	Simulated Soil	3004550inst1_path_48
3004550inst1	root,cellular organisms,Bacteria,Pseudomonadati,Pseudomonadota,Gammaproteobacteria,Enterobacterales,Enterobacteriaceae	9979.0	Simulated Soil	3004550inst1_path_2
3004550inst1	root,cellular organisms,Bacteria,Pseudomonadati,Pseudomonadota,Gammaproteobacteria,Enterobacterales,Enterobacteriaceae,Escherichia,Escherichia coli	5984.0	Simulated Soil	3004550inst1_path_1
3004550inst1	root,cellular organisms,Bacteria,Pseudomonadati,Pseudomonadota,Gammaproteobacteria,Pseudomonadales,Pseudomonadaceae	2447.0	Simulated Soil	3004550inst1_path_19_trimmed
3004550inst1	root,cellular organisms,Bacteria,Pseudomonadati,Pseudomonadota,Gammaproteobacteria,Pseudomonadales,Pseudomonadaceae,Pseudomonas	7176.0	Simulated Soil	3004550inst1_path_61
3004572inst1		79699.0	Simulated Soil	3004572inst1_gene_seq
3004596inst1		2832.0	Simulated Soil	3004596inst1_gene_seq
3004599inst1		38683.0	Simulated Soil	3004599inst1_gene_seq
3004606inst1		500.0	Simulated Soil	3004606inst1_gene_seq
3004621inst1	root,cellular organisms,Bacteria,Pseudomonadati,Pseudomonadota,Alphaproteobacteria,Hyphomicrobiales,Rhizobiaceae,Rhizobium/Agrobacterium group,Rhizobium	3421.0	Simulated Soil	3004621inst1_path_7
3004621inst1	root,cellular organisms,Bacteria,Pseudomonadati,Pseudomonadota,Alphaproteobacteria,Sphingomonadales	1926.0	Simulated Soil	3004621inst1_path_302_trimmed
3004635inst1	root,cellular organisms,Bacteria,Pseudomonadati,Pseudomonadota,Gammaproteobacteria,Enterobacterales,Enterobacteriaceae,Escherichia,Escherichia coli	4064.0	Simulated Soil	3004635inst1_path_2_trimmed
3004660inst1		488.0	Simulated Soil	3004660inst1_gene_seq
3004661inst1	root,cellular organisms,Bacteria,Bacillati,Bacillota,Bacilli,Bacillales,Staphylococcaceae,Staphylococcus,Staphylococcus aureus	137693.0	Simulated Soil	3004661inst1_path_29_trimmed
3004663inst1		48735.0	Simulated Soil	3004663inst1_gene_seq
3004665inst1	root,cellular organisms,Bacteria,Pseudomonadati,Pseudomonadota,Gammaproteobacteria,Enterobacterales,Enterobacteriaceae,Escherichia,Escherichia coli	9528.0	Simulated Soil	3004665inst1_path_59
3004667inst1		95749.0	Simulated Soil	3004667inst1_gene_seq
3004677inst1		1924.0	Simulated Soil	3004677inst1_gene_seq
3004683inst1		639.0	Simulated Soil	3004683inst1_gene_seq
3004699inst1		612.0	Simulated Soil	3004699inst1_gene_seq
3004704inst1	root,cellular organisms,Bacteria,Pseudomonadati,Pseudomonadota,Gammaproteobacteria,Enterobacterales,Enterobacteriaceae,Escherichia,Escherichia coli	2154.0	Simulated Soil	3004704inst1_path_58_trimmed
3004784inst1		1676.0	Simulated Soil	3004784inst1_gene_seq
3005009inst1	root,cellular organisms,Bacteria,Pseudomonadati,Pseudomonadota	3594.0	Simulated Soil	3005009inst1_path_160
3005009inst1	root,cellular organisms,Bacteria,Pseudomonadati,Pseudomonadota,Alphaproteobacteria,Sphingomonadales,Sphingomonadaceae,Sphingomonas,unclassified Sphingomonas,Sphingomonas sp. FARSPH	6590.5	Simulated Soil	3005009inst1_path_135
3005009inst1	root,cellular organisms,Bacteria,Pseudomonadati,Pseudomonadota,Gammaproteobacteria	5633.0	Simulated Soil	3005009inst1_path_122
3005009inst1	root,cellular organisms,Bacteria,Pseudomonadati,Pseudomonadota,Gammaproteobacteria,Aeromonadales,Aeromonadaceae,Aeromonas,unclassified Aeromonas,Aeromonas sp. 2692-1	7714.0	Simulated Soil	3005009inst1_path_164
3005009inst1	root,cellular organisms,Bacteria,Pseudomonadati,Pseudomonadota,Gammaproteobacteria,Enterobacterales	11642.0	Simulated Soil	3005009inst1_path_19
3005009inst1	root,cellular organisms,Bacteria,Pseudomonadati,Pseudomonadota,Gammaproteobacteria,Enterobacterales,Enterobacteriaceae	9336.0	Simulated Soil	3005009inst1_path_23
3005009inst1	root,cellular organisms,Bacteria,Pseudomonadati,Pseudomonadota,Gammaproteobacteria,Enterobacterales,Enterobacteriaceae,Enterobacter	10264.5	Simulated Soil	3005009inst1_path_139
3005009inst1	root,cellular organisms,Bacteria,Pseudomonadati,Pseudomonadota,Gammaproteobacteria,Enterobacterales,Enterobacteriaceae,Escherichia,Escherichia coli	3577.0	Simulated Soil	3005009inst1_path_31_trimmed
3005009inst1	root,cellular organisms,Bacteria,Pseudomonadati,Pseudomonadota,Gammaproteobacteria,Enterobacterales,Enterobacteriaceae,Klebsiella,Klebsiella pneumoniae complex,Klebsiella pneumoniae	16328.0	Simulated Soil	3005009inst1_path_69
3005009inst1	root,cellular organisms,Bacteria,Pseudomonadati,Pseudomonadota,Gammaproteobacteria,Pseudomonadales,Pseudomonadaceae	4437.0	Simulated Soil	3005009inst1_path_106
3005009inst1	root,cellular organisms,Bacteria,Pseudomonadati,Pseudomonadota,Gammaproteobacteria,Pseudomonadales,Pseudomonadaceae,Pseudomonas	9778.0	Simulated Soil	3005009inst1_path_91
3005010inst1	root,cellular organisms,Bacteria,Pseudomonadati,Pseudomonadota	3274.0	Simulated Soil	3005010inst1_path_106
3005010inst1	root,cellular organisms,Bacteria,Pseudomonadati,Pseudomonadota,Alphaproteobacteria,Sphingomonadales,Sphingomonadaceae,Sphingomonas,unclassified Sphingomonas,Sphingomonas sp. FARSPH	6590.5	Simulated Soil	3005010inst1_path_121
3005010inst1	root,cellular organisms,Bacteria,Pseudomonadati,Pseudomonadota,Gammaproteobacteria	5633.0	Simulated Soil	3005010inst1_path_10
3005010inst1	root,cellular organisms,Bacteria,Pseudomonadati,Pseudomonadota,Gammaproteobacteria,Aeromonadales,Aeromonadaceae,Aeromonas,unclassified Aeromonas,Aeromonas sp. 2692-1	7714.0	Simulated Soil	3005010inst1_path_148
3005010inst1	root,cellular organisms,Bacteria,Pseudomonadati,Pseudomonadota,Gammaproteobacteria,Enterobacterales,Enterobacteriaceae	9336.0	Simulated Soil	3005010inst1_path_21
3005010inst1	root,cellular organisms,Bacteria,Pseudomonadati,Pseudomonadota,Gammaproteobacteria,Enterobacterales,Enterobacteriaceae,Enterobacter	12827.5	Simulated Soil	3005010inst1_path_124
3005010inst1	root,cellular organisms,Bacteria,Pseudomonadati,Pseudomonadota,Gammaproteobacteria,Enterobacterales,Enterobacteriaceae,Escherichia,Escherichia coli	7320.0	Simulated Soil	3005010inst1_path_18
3005010inst1	root,cellular organisms,Bacteria,Pseudomonadati,Pseudomonadota,Gammaproteobacteria,Enterobacterales,Enterobacteriaceae,Klebsiella,Klebsiella pneumoniae complex,Klebsiella pneumoniae	16330.0	Simulated Soil	3005010inst1_path_63
3005010inst1	root,cellular organisms,Bacteria,Pseudomonadati,Pseudomonadota,Gammaproteobacteria,Pseudomonadales,Pseudomonadaceae	4437.0	Simulated Soil	3005010inst1_path_94
3005010inst1	root,cellular organisms,Bacteria,Pseudomonadati,Pseudomonadota,Gammaproteobacteria,Pseudomonadales,Pseudomonadaceae,Pseudomonas	4014.0	Simulated Soil	3005010inst1_path_83_trimmed
3005036inst1		1874.0	Simulated Soil	3005036inst1_gene_seq
3005040inst1		808.0	Simulated Soil	3005040inst1_gene_seq
3005043inst1		1227.0	Simulated Soil	3005043inst1_gene_seq
3005067inst1		853.0	Simulated Soil	3005067inst1_gene_seq
3005068inst1		829.0	Simulated Soil	3005068inst1_gene_seq
3005085inst1		1585.0	Simulated Soil	3005085inst1_gene_seq
3005096inst1		708.0	Simulated Soil	3005096inst1_gene_seq
3005098inst1	root,cellular organisms,Bacteria	6660.0	Simulated Soil	3005098inst1_path_9
3005098inst1	root,cellular organisms,Bacteria,Pseudomonadati,Pseudomonadota,Gammaproteobacteria	5755.5	Simulated Soil	3005098inst1_path_2
3005098inst1	root,cellular organisms,Bacteria,Pseudomonadati,Pseudomonadota,Gammaproteobacteria,Enterobacterales,Enterobacteriaceae,Escherichia,Escherichia coli	5688.0	Simulated Soil	3005098inst1_path_4
3005098inst1	root,cellular organisms,Bacteria,Pseudomonadati,Pseudomonadota,Gammaproteobacteria,Pseudomonadales,Pseudomonadaceae,Pseudomonas	6402.0	Simulated Soil	3005098inst1_path_6
3005098inst1		3805.0	Simulated Soil	3005098inst1_path_15
3005111inst1		994.0	Simulated Soil	3005111inst1_gene_seq
3006099inst1		687.0	Simulated Soil	3006099inst1_gene_seq
3006874inst1		953.0	Simulated Soil	3006874inst1_gene_seq
3006891inst1		2776.0	Simulated Soil	3006891inst1_gene_seq
3006964inst1		1746.0	Simulated Soil	3006964inst1_gene_seq
3007010inst1	root,cellular organisms,Bacteria,Bacillati,Bacillota,Bacilli,Bacillales,Staphylococcaceae,Staphylococcus,Staphylococcus aureus	36977.0	Simulated Soil	3007010inst1_path_18
3007012inst1		79699.0	Simulated Soil	3007012inst1_gene_seq
3007013inst1		79699.0	Simulated Soil	3007013inst1_gene_seq
3007029inst1		39416.0	Simulated Soil	3007029inst1_gene_seq
3007101inst1		1924.0	Simulated Soil	3007101inst1_gene_seq
3007121inst1	root,cellular organisms,Bacteria,Bacillati,Actinomycetota,Actinomycetes,Mycobacteriales,Corynebacteriaceae,Corynebacterium,Corynebacterium imitans	8056.0	Simulated Soil	3007121inst1_path_3
3007121inst1	root,cellular organisms,Bacteria,Bacillati,Actinomycetota,Actinomycetes,Mycobacteriales,Corynebacteriaceae,Corynebacterium,Corynebacterium yudongzhengii	8801.0	Simulated Soil	3007121inst1_path_9
3007182inst1		5266.0	Simulated Soil	3007182inst1_gene_seq
3007201inst1		517.0	Simulated Soil	3007201inst1_gene_seq
3007208inst1		7497.0	Simulated Soil	3007208inst1_gene_seq
3007209inst1		1263.0	Simulated Soil	3007209inst1_gene_seq
3007210inst1		6320.0	Simulated Soil	3007210inst1_gene_seq
3007210inst2		1697.0	Simulated Soil	3007210inst2_path_1
3007539inst1		1601.0	Simulated Soil	3007539inst1_gene_seq
3007659inst1		4077.0	Simulated Soil	3007659inst1_path_1
3007659inst2		2123.0	Simulated Soil	3007659inst2_gene_seq
3007662inst1		7965.0	Simulated Soil	3007662inst1_gene_seq
3008082inst1		973.0	Simulated Soil	3008082inst1_gene_seq
3008462inst1		3956.0	Simulated Soil	3008462inst1_gene_seq
3008509inst1		1839.0	Simulated Soil	3008509inst1_gene_seq
3008509inst2		488.0	Simulated Soil	3008509inst2_gene_seq
3008993inst1		22309.0	Simulated Soil	3008993inst1_gene_seq
