queried_path	ground_truth_match	proportion-query-genes-found	avg-syntenic-correlation
3000026inst1_gene_seq	ERR2935849	1.0	1.0
3000027inst1_path_2	ERR2935852	0.568	0.958
3000027inst1_path_2	ERR2935848	0.838	1.0
3000074inst1_path_10	ERR2935852	0.579	0.958
3000074inst1_path_10	ERR2935848	0.868	1.0
3000149inst1_gene_seq	ERR2935853	1.0	1.0
3000198inst1_gene_seq	ERR2935854	1.0	1.0
3000206inst1_path_2	ERR2935852	1.0	1.0
3000237inst1_gene_seq	ERR2935852	1.0	1.0
3000237inst1_gene_seq	ERR2935848	1.0	1.0
3000254inst1_path_2	ERR2935852	1.0	1.0
3000263inst1_gene_seq	ERR2935852	1.0	1.0
3000263inst1_gene_seq	ERR2935848	0.833	0.991
3000300inst1_gene_seq	ERR2935850	1.0	1.0
3000377inst1_gene_seq	ERR2935853	1.0	1.0
3000378inst1_gene_seq	ERR2935853	1.0	1.0
3000379inst1_gene_seq	ERR2935853	1.0	1.0
3000421inst1_gene_seq	ERR2935854	0.875	1.0
3000491inst1_gene_seq	ERR2935852	0.857	1.0
3000491inst1_gene_seq	ERR2935848	0.857	1.0
3000499inst1_gene_seq	ERR2935852	1.0	1.0
3000499inst1_gene_seq	ERR2935848	1.0	0.952
3000502inst1_gene_seq	ERR2935852	1.0	0.999
3000502inst1_gene_seq	ERR2935848	0.5	0.998
3000502inst1_gene_seq	ERR2935853	0.5	0.998
3000504inst1_path_22_trimmed	ERR2935848	0.786	1.0
3000508inst1_gene_seq	ERR2935852	1.0	1.0
3000516inst1_path_10	ERR2935852	0.579	0.958
3000516inst1_path_10	ERR2935848	0.868	1.0
3000565inst1_gene_seq	ERR2935849	1.0	0.998
3000656inst1_path_58	ERR2935852	0.5	0.999
3000656inst1_path_58	ERR2935848	0.525	1.0
3000676inst1_path_32_trimmed	ERR2935852	0.9	0.995
3000676inst1_path_32_trimmed	ERR2935848	1.0	1.0
3000746inst1_path_41	ERR2935849	0.571	1.0
3000789inst1_path_22_trimmed	ERR2935848	0.786	1.0
3000790inst1_path_22_trimmed	ERR2935848	0.786	1.0
3000791inst1_path_22_trimmed	ERR2935848	0.786	1.0
3000792inst1_gene_seq	ERR2935852	0.611	1.0
3000793inst1_gene_seq	ERR2935852	0.611	1.0
3000794inst1_path_1	ERR2935852	0.973	1.0
3000794inst1_path_1	ERR2935848	0.627	0.998
3000795inst1_gene_seq	ERR2935852	1.0	1.0
3000796inst1_gene_seq	ERR2935852	1.0	1.0
3000800inst1_path_17_trimmed	ERR2935853	0.891	1.0
3000801inst1_path_17_trimmed	ERR2935853	0.75	1.0
3000802inst1_path_9_trimmed	ERR2935853	0.913	1.0
3000803inst1_path_23_trimmed	ERR2935853	0.921	1.0
3000804inst1_path_9	ERR2935853	0.957	0.999
3000805inst1_path_16	ERR2935853	0.889	1.0
3000806inst1_path_10_trimmed	ERR2935853	0.7	0.998
3000807inst1_path_10_trimmed	ERR2935853	0.7	0.998
3000808inst1_path_2_trimmed	ERR2935853	1.0	1.0
3000809inst1_path_14_trimmed	ERR2935853	0.667	0.998
3000815inst1_gene_seq	ERR2935849	1.0	1.0
3000823inst1_gene_seq	ERR2935852	0.5	0.991
3000823inst1_gene_seq	ERR2935848	0.786	1.0
3000826inst1_gene_seq	ERR2935852	1.0	1.0
3000826inst1_gene_seq	ERR2935848	1.0	1.0
3000830inst1_gene_seq	ERR2935852	1.0	1.0
3000830inst1_gene_seq	ERR2935848	0.8	0.961
3000832inst1_path_2	ERR2935852	1.0	1.0
3000833inst1_gene_seq	ERR2935852	1.0	1.0
3000838inst1_path_9	ERR2935849	0.76	0.825
3000839inst1_path_9	ERR2935849	0.76	0.825
3001214inst1_gene_seq	ERR2935852	0.889	1.0
3001216inst1_path_9	ERR2935852	0.696	1.0
3001216inst1_path_9	ERR2935848	0.696	1.0
3001328inst1_path_10	ERR2935852	0.578	1.0
3001329inst1_path_1_trimmed	ERR2935852	0.643	1.0
3001329inst1_path_1_trimmed	ERR2935848	0.643	1.0
3002571inst1_gene_seq	ERR2935848	0.943	1.0
3002645inst1_gene_seq	ERR2935853	0.979	1.0
3002679inst1_gene_seq	ERR2935853	0.926	1.0
3002813inst1_gene_seq	ERR2935851	1.0	1.0
3002865inst1_path_9	ERR2935849	0.76	0.825
3002875inst1_gene_seq	ERR2935850	1.0	1.0
3002926inst1_gene_seq	ERR2935850	1.0	1.0
3002985inst1_gene_seq	ERR2935852	0.8	1.0
3002985inst1_gene_seq	ERR2935848	0.8	1.0
3002985inst1_gene_seq	ERR2935853	1.0	1.0
3002986inst1_gene_seq	ERR2935852	1.0	0.999
3002986inst1_gene_seq	ERR2935848	0.556	0.888
3003006inst1_gene_seq	ERR2935851	1.0	1.0
3003007inst1_gene_seq	ERR2935851	1.0	1.0
3003030inst1_gene_seq	ERR2935853	1.0	1.0
3003031inst1_gene_seq	ERR2935853	1.0	1.0
3003033inst1_path_1_trimmed	ERR2935853	0.683	1.0
3003034inst1_path_1_trimmed	ERR2935853	0.683	1.0
3003048inst1_path_10	ERR2935852	1.0	0.999
3003048inst1_path_10	ERR2935848	0.857	0.999
3003059inst1_gene_seq	ERR2935851	1.0	1.0
3003063inst1_gene_seq	ERR2935851	1.0	1.0
3003064inst1_path_2	ERR2935851	0.72	1.0
3003324inst1_gene_seq	ERR2935851	1.0	1.0
3003548inst1_path_19	ERR2935852	0.971	0.999
3003549inst1_path_19	ERR2935852	0.971	0.999
3003550inst1_path_19	ERR2935852	0.971	0.999
3003551inst1_gene_seq	ERR2935850	0.933	1.0
3003576inst1_path_21_trimmed	ERR2935852	0.731	1.0
3003576inst1_path_21_trimmed	ERR2935848	0.615	0.995
3003577inst1_gene_seq	ERR2935852	1.0	1.0
3003577inst1_gene_seq	ERR2935848	0.647	1.0
3003578inst1_gene_seq	ERR2935852	1.0	1.0
3003578inst1_gene_seq	ERR2935848	1.0	1.0
3003578inst1_gene_seq	ERR2935853	0.636	1.0
3003583inst1_gene_seq	ERR2935853	0.848	1.0
3003643inst1_gene_seq	ERR2935853	0.861	1.0
3003679inst1_gene_seq	ERR2935853	0.931	1.0
3003680inst1_gene_seq	ERR2935853	0.931	1.0
3003681inst1_gene_seq	ERR2935853	0.931	1.0
3003682inst1_gene_seq	ERR2935853	0.95	1.0
3003692inst1_path_44_trimmed	ERR2935853	0.974	1.0
3003693inst1_path_51_trimmed	ERR2935853	0.974	1.0
3003698inst1_gene_seq	ERR2935853	0.846	1.0
3003699inst1_gene_seq	ERR2935853	0.846	1.0
3003700inst1_gene_seq	ERR2935853	0.846	1.0
3003704inst1_path_1	ERR2935853	0.571	1.0
3003705inst1_gene_seq	ERR2935853	0.9	0.994
3003801inst1_path_128_trimmed	ERR2935853	1.0	1.0
3003838inst1_gene_seq	ERR2935852	1.0	1.0
3003841inst1_gene_seq	ERR2935849	0.625	1.0
3003841inst1_gene_seq	ERR2935852	0.875	1.0
3003841inst1_gene_seq	ERR2935848	0.75	1.0
3003841inst1_gene_seq	ERR2935853	0.625	1.0
3003841inst1_gene_seq	ERR2935854	0.625	1.0
3003843inst1_gene_seq	ERR2935852	1.0	1.0
3003843inst1_gene_seq	ERR2935848	1.0	1.0
3003948inst1_path_23_trimmed	ERR2935850	1.0	1.0
3003949inst1_path_1_trimmed	ERR2935850	1.0	1.0
3003950inst1_gene_seq	ERR2935852	1.0	1.0
3003950inst1_gene_seq	ERR2935848	1.0	1.0
3003952inst1_gene_seq	ERR2935852	1.0	1.0
3003952inst1_gene_seq	ERR2935848	0.833	1.0
3004038inst1_gene_seq	ERR2935853	1.0	1.0
3004047inst1_path_15	ERR2935849	0.914	1.0
3004054inst1_gene_seq	ERR2935853	0.852	1.0
3004056inst1_gene_seq	ERR2935853	0.81	1.0
3004072inst1_gene_seq	ERR2935853	0.923	1.0
3004073inst1_path_1	ERR2935853	0.966	1.0
3004075inst1_path_2	ERR2935853	0.952	1.0
3004077inst1_gene_seq	ERR2935853	0.9	1.0
3004107inst1_path_3	ERR2935853	0.966	1.0
3004290inst1_path_8	ERR2935852	0.486	1.0
3004572inst1_path_1	ERR2935849	1.0	1.0
3004651inst1_gene_seq	ERR2935854	1.0	1.0
3004661inst1_gene_seq	ERR2935849	1.0	1.0
3004667inst1_path_4	ERR2935849	0.957	1.0
3005040inst1_gene_seq	ERR2935853	0.933	1.0
3005047inst1_gene_seq	ERR2935852	0.6	0.968
3005047inst1_gene_seq	ERR2935848	1.0	1.0
3005059inst1_path_14	ERR2935852	0.522	0.995
3005059inst1_path_14	ERR2935848	0.565	1.0
3005063inst1_gene_seq	ERR2935853	1.0	0.992
3005064inst1_gene_seq	ERR2935853	1.0	0.992
3005067inst1_path_2_trimmed	ERR2935853	0.95	1.0
3005068inst1_path_2_trimmed	ERR2935853	0.95	1.0
3005069inst1_gene_seq	ERR2935853	1.0	1.0
3006800inst1_gene_seq	ERR2935853	0.979	1.0
3007010inst1_path_10_trimmed	ERR2935849	0.917	0.99
3007012inst1_path_4	ERR2935849	1.0	1.0
3007013inst1_path_4	ERR2935849	1.0	1.0
3007678inst1_path_13	ERR2935850	0.568	1.0
3007682inst1_gene_seq	ERR2935852	1.0	1.0
3007682inst1_gene_seq	ERR2935848	1.0	0.999
3008823inst1_path_2	ERR2935849	1.0	1.0
3008823inst1_path_2	ERR2935854	0.5	0.987
